Program,University,COLOMBO,GAMPAHA,KALUTARA,MATALE,KANDY,NUWARA ELIYA,GALLE,MATARA,HAMBANTOTA,JAFFNA,KILINOCHCHI,MANNAR,MULLAITIVU,VAVUNIYA,TRINCOMALEE,BATTICALOA,AMPARA,PUTTALAM,KURUNEGALA,ANURADHAPURA,POLONNARUWA,BADULLA,MONARAGALA,KEGALLE,RATNAPURA
MEDICINE,University of Colombo,2.4516,2.4412,2.4446,2.4981,2.5501,NQC,2.4478,2.4552,2.4711,2.4504,NQC,NQC,NQC,2.5134,2.4637,2.4902,2.4374,2.4946,2.445,2.5446,2.4695,2.5455,NQC,2.4552,2.4542
MEDICINE,University of Peradeniya,2.2279,2.2147,2.2204,2.215,2.2216,2.2598,2.2429,2.2225,2.2646,2.212,2.3267,NQC,2.2786,2.2496,2.248,2.2518,2.2384,2.2805,2.2114,2.2347,2.2591,2.2159,2.241,2.215,2.2112
MEDICINE,University of Sri Jayewardenepura,2.1465,2.1566,2.1474,2.1943,2.1512,NQC,2.1503,2.1557,2.1643,2.1968,2.1972,NQC,NQC,2.1503,2.1783,2.1621,2.169,2.1698,2.1529,2.185,2.1774,2.1671,NQC,2.1465,2.1586
MEDICINE,University of Kelaniya,2.0526,2.0517,2.0514,2.0612,2.0545,2.0969,2.0791,2.0508,2.0508,NQC,NQC,2.1087,NQC,NQC,2.0533,2.0571,2.0536,2.0552,2.0517,2.0651,2.1071,2.0619,2.1015,2.06,2.0526
MEDICINE,University of Jaffna,1.879,1.7278,1.784,1.7073,1.8169,1.7308,NQC,NQC,1.7765,1.8724,1.7943,1.7335,1.8819,1.8433,1.7138,1.8226,1.8321,1.7175,1.8028,1.7109,1.7355,1.7099,1.7277,1.8226,1.752
MEDICINE,University of Ruhuna,1.9559,1.955,1.9559,1.9778,1.9598,1.9775,1.9552,1.955,1.9606,NQC,NQC,NQC,NQC,1.9671,2.0044,1.9614,1.9566,1.9578,1.9594,1.9552,NQC,1.9626,1.9757,1.9616,1.9571
MEDICINE,University of Moratuwa,1.8732,1.8707,1.8732,NQC,1.8827,1.9286,1.8728,1.913,1.9222,2.0797,NQC,NQC,NQC,1.8938,1.8843,NQC,1.8997,1.9381,1.8901,NQC,1.9909,NQC,NQC,1.9286,1.8706
MEDICINE,"Eastern University, Sri Lanka",NQC,1.6406,1.7783,1.6524,NQC,1.4296,NQC,NQC,1.8366,NQC,NQC,1.6845,NQC,1.9934,1.737,1.8413,1.8169,1.6762,NQC,1.5146,1.4283,NQC,1.6018,1.8207,NQC
MEDICINE,Rajarata University of Sri Lanka,1.8772,1.8547,1.8995,1.8604,1.8509,1.9025,1.9071,1.9079,1.8525,NQC,NQC,NQC,NQC,1.998,1.862,1.8601,1.8566,1.8496,1.8596,1.8506,1.9345,1.8525,1.8706,1.851,1.8509
MEDICINE,Sabaragamuwa University of Sri Lanka,1.8894,1.6816,1.785,1.68,1.8032,1.6837,NQC,1.9005,1.7698,NQC,NQC,1.707,NQC,NQC,NQC,NQC,1.8048,1.6839,1.802,1.6791,NQC,1.6845,1.6825,1.7998,1.7541
MEDICINE,Wayamba University of Sri Lanka,1.9152,1.689,1.7711,1.6921,1.8229,1.7319,1.8661,NQC,NQC,NQC,NQC,1.8481,NQC,NQC,1.7552,NQC,1.8216,1.6873,1.8038,1.6969,1.6921,1.6892,1.6948,1.7702,1.7803
MEDICINE,Uva Wellassa University of Sri Lanka,NQC,1.6473,NQC,1.652,NQC,1.383,NQC,NQC,NQC,NQC,NQC,NQC,NQC,NQC,NQC,NQC,NQC,NQC,NQC,1.5985,1.3959,NQC,NQC,NQC,1.8407
DENTAL SURGERY,University of Peradeniya,1.8311,1.6275,1.7698,1.6329,1.786,1.3891,1.8319,1.8405,1.7587,1.8086,1.666,1.6619,1.7586,NQC,1.6686,1.7962,1.7816,1.6623,1.786,1.5063,1.3714,1.6678,1.5849,1.7513,1.7434
DENTAL SURGERY,University of Sri Jayewardenepura,1.8337,1.6219,1.7682,NQC,NQC,1.3789,1.834,1.8535,1.8254,NQC,NQC,NQC,NQC,1.8206,NQC,NQC,NQC,NQC,NQC,NQC,NQC,NQC,NQC,NQC,1.7317
VETERINARY SCIENCE,University of Peradeniya,1.7345,1.6011,1.7211,1.5648,1.7446,1.3253,1.7523,1.7211,1.7457,1.737,1.647,1.541,1.6464,1.7615,1.6649,1.7456,1.7268,1.6574,1.7427,1.4687,1.332,1.6002,1.5756,1.7214,1.7202
BIOCHEMISTRY & MOLECULAR BIOLOGY,University of Colombo,1.7704,1.598,1.7372,1.5588,1.7709,1.315,1.7812,1.7361,1.7306,1.7859,1.5353,1.5458,1.3834,1.7345,1.6639,1.753,1.7033,1.6201,1.7739,1.5009,1.317,1.6644,1.5776,1.7437,1.7147
AGRICULTURAL TECHNOLOGY & MANAGEMENT,University of Peradeniya,1.1759,1.204,1.2884,1.2325,1.3487,1.1548,1.309,1.3705,1.3042,1.3043,1.2744,1.2453,1.2566,0.6477,1.0878,1.1553,1.3384,1.1835,1.3325,1.2957,1.2649,1.3423,1.2858,1.267,1.2033
AGRICULTURE,University of Jaffna,0.4638,0.4618,0.6491,0.656,0.7642,0.4627,0.6394,0.6099,0.8231,0.6679,0.5958,0.4667,0.6176,0.5199,0.4674,0.5724,0.5844,0.4726,0.6497,0.4627,0.5278,0.5294,0.4781,0.6261,0.5341
AGRICULTURE,"Eastern University, Sri Lanka",0.4158,0.4227,0.7903,NQC,0.6029,0.3495,0.6045,0.5849,0.6204,0.6728,0.4655,0.3943,0.7097,0.4281,0.473,0.5697,0.6102,0.3803,0.627,0.4504,0.322,0.5394,0.4486,0.6326,0.5334
AGRICULTURE,Rajarata University of Sri Lanka,0.5911,0.5781,0.5987,0.6104,0.6183,0.6258,0.5857,0.5798,0.6221,0.7215,0.8534,NQC,NQC,NQC,NQC,NQC,0.5905,0.6016,0.6299,0.6045,0.6089,0.593,0.5756,0.5952,0.5829
AGRICULTURE,Sabaragamuwa University of Sri Lanka,0.6993,0.6872,0.6924,0.7378,0.7021,0.9751,0.7423,0.7077,0.7067,0.6964,NQC,0.7442,NQC,NQC,NQC,0.7723,0.7557,0.9017,0.6898,0.7015,NQC,0.738,0.7958,0.712,0.6883
AGRICULTURE,Wayamba University of Sri Lanka,0.5923,0.6036,0.5923,0.6231,0.6098,0.6297,0.5863,0.5887,0.6287,0.6797,NQC,0.8777,NQC,NQC,0.69,0.5791,0.5914,0.5783,0.6308,0.5884,0.5797,0.5809,0.6198,0.5924,0.5902
FOOD SCIENCE & NUTRITION,Wayamba University of Sri Lanka,1.0529,1.1113,1.2161,1.1317,1.0935,1.0887,1.1207,1.1777,1.1177,1.2116,0.7893,1.1268,0.9533,0.9612,1.1347,1.175,1.2193,1.1472,1.1517,1.0755,1.111,1.117,1.2099,1.1986,1.1127
FOOD SCIENCE & TECHNOLOGY,University of Peradeniya,1.5034,1.5113,1.5138,NQC,1.5677,NQC,1.544,1.6068,1.5091,1.5054,NQC,NQC,NQC,NQC,NQC,NQC,NQC,NQC,1.509,NQC,NQC,NQC,1.5401,1.5336,1.5053
FOOD SCIENCE & TECHNOLOGY,University of Sri Jayewardenepura,1.4434,1.4441,1.4433,NQC,1.4696,NQC,1.4435,1.4624,1.4433,1.482,NQC,NQC,NQC,NQC,NQC,NQC,NQC,1.4971,1.4671,NQC,NQC,NQC,1.4761,1.5023,1.4642
FOOD SCIENCE & TECHNOLOGY,Sabaragamuwa University of Sri Lanka,1.3571,1.2593,1.4426,1.1763,1.1115,1.05,1.4051,1.373,NQC,NQC,1.1019,1.2822,1.3428,1.0429,1.1645,1.2097,1.1779,1.035,1.3214,1.0521,0.9454,1.1412,1.3009,1.2941,1.2154
BIOLOGICAL SCIENCE,University of Colombo,1.5982,1.6014,1.5932,NQC,1.6031,NQC,1.5974,1.6141,1.6106,1.6491,NQC,NQC,NQC,NQC,NQC,NQC,1.6068,1.617,1.6216,NQC,NQC,1.6537,NQC,1.618,1.5955
BIOLOGICAL SCIENCE,University of Peradeniya,1.4293,1.4238,1.4375,1.5053,1.4175,NQC,1.4172,1.4226,1.4273,1.4511,NQC,NQC,NQC,NQC,1.4192,1.5038,NQC,1.4391,1.4165,1.4595,NQC,1.4312,1.4993,1.4343,1.419
BIOLOGICAL SCIENCE,University of Sri Jayewardenepura,1.3093,1.3236,1.3093,1.3551,1.3109,NQC,1.3195,1.3103,1.3119,1.3328,NQC,NQC,NQC,NQC,1.3766,1.3365,1.3223,1.3112,1.3109,1.3195,NQC,1.3184,1.3949,1.3208,1.3121
BIOLOGICAL SCIENCE,University of Kelaniya,1.2328,1.2275,1.2257,1.2876,1.2349,1.3065,1.2282,1.2297,1.2442,1.2634,NQC,NQC,NQC,1.2389,NQC,1.2483,1.2325,1.2578,1.2277,1.2341,NQC,1.2406,1.2896,1.2332,1.2282
BIOLOGICAL SCIENCE,University of Jaffna,1.0115,0.8881,1.1666,0.9068,0.9725,0.9122,NQC,NQC,0.9197,1.0082,0.9132,NQC,0.9179,1.1751,0.9871,1.0014,0.8995,0.9048,1.0926,0.8982,0.9443,0.9045,0.9548,1.1569,0.8876
BIOLOGICAL SCIENCE,University of Ruhuna,1.0732,1.0822,1.1478,1.0788,1.0802,1.0935,1.085,1.0802,1.0923,NQC,NQC,NQC,NQC,NQC,NQC,1.0716,1.08,1.0856,1.0851,1.1203,1.1076,1.0729,1.1236,1.0843,1.0738
BIOLOGICAL SCIENCE,"Eastern University, Sri Lanka",0.9949,0.7536,NQC,0.7426,0.979,0.749,1.1413,NQC,0.8596,NQC,0.8409,0.8468,0.839,0.8075,0.9962,0.7572,0.8038,0.7416,NQC,0.7564,0.7709,0.7613,0.782,NQC,0.7368
BIOLOGICAL SCIENCE,South Eastern University of Sri Lanka,0.9968,0.5734,NQC,0.7822,NQC,0.4179,NQC,NQC,0.7948,NQC,0.6308,0.2566,NQC,0.4457,0.5396,0.6869,0.8888,0.5876,NQC,0.5119,0.3551,0.6449,0.4781,NQC,0.6316
APPLIED SCIENCES (BIO.SC),Rajarata University of Sri Lanka,0.825,0.8043,0.8608,0.8306,0.8545,0.8315,0.824,0.808,0.8412,0.8127,NQC,NQC,NQC,NQC,NQC,0.9068,NQC,0.8286,0.8467,0.8329,0.8636,0.8008,0.8673,0.8766,0.8098
APPLIED SCIENCES (BIO.SC),Sabaragamuwa University of Sri Lanka,0.895,0.889,0.8937,1.1245,0.911,NQC,0.8943,0.9447,0.9282,0.9571,NQC,NQC,NQC,NQC,NQC,NQC,0.9495,NQC,0.8908,0.9604,NQC,0.8918,NQC,0.901,0.9405
APPLIED SCIENCES (BIO.SC),"University of Vavuniya, Sri Lanka",0.6625,0.5294,NQC,NQC,NQC,0.3792,NQC,0.7164,0.6722,0.7369,0.5981,0.248,0.6331,0.5052,0.4815,0.6373,0.6575,0.4939,NQC,0.4826,0.3594,0.6691,0.46,NQC,0.5332
ENGINEERING,University of Peradeniya,1.9034,1.9033,1.9109,1.9649,1.9075,1.977,1.9115,1.9095,1.9035,1.9054,NQC,NQC,NQC,1.9561,1.9674,1.9032,1.9111,1.9303,1.9069,1.9101,1.9099,1.9119,1.9073,1.9081,1.9074
ENGINEERING,University of Sri Jayewardenepura,1.7762,1.7618,1.7647,NQC,1.7482,NQC,1.7652,1.7507,1.7631,1.78,NQC,NQC,NQC,1.8165,1.8803,1.8462,NQC,1.781,1.7552,1.8694,1.8118,1.9777,NQC,1.7507,1.8441
ENGINEERING,University of Jaffna,NQC,1.4031,NQC,1.392,1.5391,1.3978,NQC,NQC,NQC,NQC,1.3255,1.388,1.3682,1.3911,1.3429,1.4842,1.3419,1.3371,NQC,1.3887,1.4474,1.5255,1.3542,NQC,1.4062
ENGINEERING,University of Ruhuna,1.6861,1.6079,1.6421,1.652,1.6097,1.6081,1.7063,1.784,1.6355,NQC,1.6368,1.6789,1.6311,1.6191,1.6188,1.6126,1.6166,1.6414,1.6211,1.6126,1.6687,1.608,1.6237,1.6435,1.6228
ENGINEERING,University of Moratuwa,2.1036,2.1067,2.1193,2.1393,2.1072,2.1524,2.101,2.1146,2.1096,2.1167,2.1576,2.2964,NQC,2.1726,2.2361,2.1146,2.2577,2.1492,2.1101,2.1096,2.2829,2.102,2.1015,2.1115,2.1048
ENGINEERING,South Eastern University of Sri Lanka,NQC,NQC,NQC,1.0985,1.5351,0.7247,NQC,NQC,NQC,NQC,1.2605,1.1786,0.8143,1.3571,1.2946,1.5402,1.3775,1.2173,NQC,NQC,0.7871,NQC,1.311,NQC,1.4407
ENGINEERING (EM),University of Moratuwa,1.5225,1.3772,1.5348,1.4027,1.4557,1.2708,1.4786,1.5106,1.529,1.4386,1.0771,1.113,0.9722,1.1943,1.2499,1.4094,1.2183,1.3329,1.5353,1.3221,1.0241,1.4543,1.4088,1.5044,1.4393
ENGINEERING (TM),University of Moratuwa,1.499,1.3972,1.5398,1.3238,1.4391,1.2167,1.5052,1.5306,1.4986,1.4641,1.2035,1.0115,0.7608,1.172,1.2394,1.392,1.1729,1.3391,1.5258,1.3281,1.2206,1.45,1.5479,1.5247,1.4481
QUANTITY SURVEYING,University of Moratuwa,1.32,1.3058,1.295,1.2051,1.272,0.8566,1.3452,1.3892,1.3718,1.3571,1.2397,1.1677,0.711,1.2551,1.1011,1.3807,1.1659,1.1705,1.3547,1.2083,0.8628,1.3308,1.2582,1.3776,1.3091
COMPUTER SCIENCE,University of Colombo School of Computing,1.6123,1.6342,1.6319,1.8713,1.6176,1.7593,1.6196,1.6129,1.6148,1.6366,NQC,NQC,NQC,1.8869,NQC,2.287,NQC,1.7712,1.6149,1.6293,1.6465,1.879,1.6545,1.6197,1.6347
COMPUTER SCIENCE,University of Sri Jayewardenepura,1.5054,1.5127,1.5057,NQC,1.5137,NQC,1.5121,1.5127,1.5117,1.5073,NQC,NQC,NQC,NQC,NQC,NQC,NQC,NQC,1.5103,NQC,NQC,NQC,NQC,1.5524,1.5303
COMPUTER SCIENCE,University of Kelaniya,1.5246,1.5586,1.5193,NQC,1.538,NQC,1.5537,1.5253,1.5284,1.5575,NQC,NQC,NQC,NQC,1.5422,NQC,NQC,NQC,1.5525,NQC,NQC,NQC,NQC,1.5784,1.5353
COMPUTER SCIENCE,University of Jaffna,1.2741,1.1092,NQC,1.2467,1.1251,NQC,NQC,NQC,NQC,1.3709,1.2027,NQC,NQC,1.2433,1.2893,1.1515,1.1527,1.1268,1.1948,1.1079,NQC,1.161,1.1033,1.2459,1.1817
COMPUTER SCIENCE,University of Ruhuna,1.3257,1.3241,1.4002,NQC,1.3349,NQC,1.3671,1.4776,1.4149,1.3711,NQC,NQC,NQC,NQC,NQC,NQC,NQC,NQC,1.3281,1.3514,NQC,1.3583,NQC,1.3279,1.3333
COMPUTER SCIENCE,Eastern University - Trincomalee Campus,NQC,1.1211,NQC,0.8035,0.8446,0.4791,NQC,NQC,NQC,NQC,0.8907,0.5131,0.6127,0.7283,0.7455,1.056,0.8677,0.6784,NQC,0.7886,0.5547,1.1729,0.8722,NQC,1.2067
PHYSICAL SCIENCE,University of Colombo,1.2613,1.2675,1.2645,NQC,1.2615,NQC,1.2617,1.2642,1.2677,1.2689,NQC,NQC,NQC,NQC,1.3205,1.3694,1.638,1.369,1.2604,1.3592,2.296,1.2654,NQC,1.261,1.2627
PHYSICAL SCIENCE,University of Peradeniya,1.1588,1.1551,1.1531,1.1639,1.1531,1.3844,1.1534,1.1622,1.17,1.1636,NQC,NQC,NQC,NQC,NQC,NQC,NQC,1.1531,1.1574,1.1641,NQC,1.1581,1.1978,1.1635,1.1557
PHYSICAL SCIENCE,University of Sri Jayewardenepura,1.0756,1.0759,1.0801,1.0797,1.0725,NQC,1.0726,1.0783,1.0747,1.0765,NQC,NQC,NQC,NQC,NQC,1.1048,NQC,1.1056,1.0728,1.0811,NQC,1.0947,1.1111,1.0721,1.0801
PHYSICAL SCIENCE,University of Kelaniya,0.9845,0.9841,0.9862,0.9899,0.9896,NQC,0.9868,0.9925,0.9849,1.0002,NQC,NQC,NQC,NQC,NQC,0.9932,1.0241,1.0236,0.9851,1.0188,NQC,0.9844,0.9939,0.9858,0.9917
PHYSICAL SCIENCE,University of Jaffna,0.8624,0.725,0.7957,0.7004,0.7059,NQC,0.9686,NQC,0.7826,0.766,0.7308,NQC,NQC,0.7277,0.7051,0.6974,0.6966,0.7319,0.776,0.702,0.7025,0.7008,0.7174,0.8057,0.7062
PHYSICAL SCIENCE,University of Ruhuna,0.902,0.901,0.8991,0.9051,0.9043,NQC,0.9499,0.9064,0.9053,NQC,NQC,1.0094,NQC,NQC,0.9038,0.9065,0.9064,0.9151,0.8995,0.9203,NQC,0.901,0.9069,0.907,0.9014
PHYSICAL SCIENCE,"Eastern University, Sri Lanka",0.8582,0.7463,0.7833,0.5682,0.7181,0.4653,NQC,NQC,0.7707,0.8687,0.6225,0.4528,0.4382,0.4678,0.4719,0.5306,0.5841,0.4211,0.7728,0.4441,0.4181,0.6326,0.6196,0.8641,0.5878
PHYSICAL SCIENCE,South Eastern University of Sri Lanka,0.8711,0.7804,0.8234,0.5741,0.6947,0.0517,NQC,NQC,0.8599,NQC,NQC,0.0149,0.2835,0.3035,0.5409,0.5543,0.5742,0.3296,0.7933,0.4329,0.1972,0.6695,0.6245,0.8421,0.5882
SURVEYING SCIENCE,Sabaragamuwa University of Sri Lanka,0.8887,0.9417,1.0562,0.9743,0.8958,0.6227,1.075,1.0723,1.1194,1.0978,0.973,0.9445,0.6239,0.995,1.0721,1.085,1.0476,0.959,1.0521,1.0297,0.779,1.0278,1.08,1.0232,1.0664
APPLIED SCIENCES (PHY.SC),Rajarata University of Sri Lanka,0.7824,0.7987,0.7917,0.8444,0.7813,NQC,0.7814,0.7828,0.7879,0.8123,NQC,NQC,NQC,0.954,0.837,0.8026,NQC,0.8838,0.7893,0.7943,NQC,0.8027,NQC,0.7839,0.7793
APPLIED SCIENCES (PHY.SC),Sabaragamuwa University of Sri Lanka,0.8672,0.8722,0.8644,0.867,0.8679,NQC,0.8687,0.8658,0.8665,0.881,NQC,NQC,NQC,NQC,0.8692,NQC,0.8755,NQC,0.8686,NQC,NQC,0.9178,NQC,0.871,0.8644
APPLIED SCIENCES (PHY.SC),Wayamba University of Sri Lanka,0.7205,0.7203,0.73,0.7282,0.7403,NQC,0.7555,0.7653,0.7367,0.7368,NQC,NQC,NQC,NQC,NQC,0.8316,NQC,0.7392,0.7227,0.7651,NQC,0.7279,0.72,0.7455,0.7527
APPLIED SCIENCES (PHY.SC),"University of Vavuniya, Sri Lanka",0.6984,0.6915,0.7196,0.5601,0.6379,NQC,0.856,0.7871,0.8102,0.7346,0.5737,NQC,NQC,0.5509,0.5703,0.5681,0.5333,0.5963,0.6968,0.527,NQC,0.5684,0.5772,NQC,0.5703
APPLIED SCIENCES (PHY.SC),Eastern University - Trincomalee Campus,0.7291,0.7146,0.7122,0.6412,0.6542,0.0269,0.7741,NQC,NQC,NQC,NQC,-0.0124,0.3395,0.2761,0.39,0.5803,0.5292,0.2839,0.78,0.3973,0.1646,0.5756,0.5764,0.7715,0.5091
MANAGEMENT,University of Colombo,1.7329,1.7343,1.733,1.7558,1.737,1.75,1.733,1.7336,1.734,1.7354,1.7334,1.7605,1.739,1.7336,1.7496,1.7354,1.7941,1.7333,1.7324,1.7348,1.7341,1.7477,NQC,1.7372,1.7364
MANAGEMENT,University of Peradeniya,1.59,1.5872,1.5973,1.6036,1.588,1.5953,1.5885,1.589,1.6067,1.6123,1.6123,1.5879,1.6091,1.6144,1.6488,1.5879,1.5906,1.6067,1.5884,1.6052,1.596,1.6085,1.6203,1.5954,1.5955
MANAGEMENT,University of Sri Jayewardenepura,1.781,1.8011,1.8042,1.7898,1.7995,1.7863,1.7936,1.7827,1.7847,1.8025,NQC,1.906,1.8638,1.8014,1.7897,1.7978,1.9218,1.7979,1.7843,1.7928,1.8066,1.8237,1.8236,1.7889,1.7846
MANAGEMENT,University of Kelaniya,1.6379,1.6373,1.6367,1.6552,1.6381,1.6374,1.6367,1.6442,1.6599,NQC,NQC,NQC,NQC,NQC,1.6505,1.6562,1.6367,1.6374,1.6378,1.6391,1.6578,1.6429,1.6521,1.641,1.6415
MANAGEMENT,University of Jaffna,1.3185,1.3153,1.3944,1.2494,1.3052,1.179,NQC,NQC,1.0906,1.066,1.0988,1.0787,1.2681,1.1649,1.0712,1.1708,1.0813,1.1731,1.362,1.2147,1.1787,1.1799,1.3498,1.3248,1.2444
MANAGEMENT,University of Ruhuna,1.4181,1.4148,1.4149,1.4304,1.4162,1.4201,1.4188,1.4193,1.4305,NQC,NQC,NQC,NQC,NQC,1.4779,1.5693,1.4174,1.4582,1.4152,1.4267,1.4189,1.415,1.4148,1.4199,1.4227
MANAGEMENT,"Eastern University, Sri Lanka",1.3413,NQC,NQC,NQC,1.2984,1.1832,NQC,NQC,1.0918,1.0089,1.0157,1.3019,NQC,1.2047,1.0857,1.1723,1.0898,1.2032,NQC,1.2359,1.2355,1.18,NQC,NQC,1.2459
MANAGEMENT,South Eastern University of Sri Lanka,1.3382,1.3219,NQC,NQC,1.3284,1.213,1.3444,NQC,1.1,1.1683,NQC,NQC,NQC,1.2397,1.07,1.2038,1.088,1.2147,NQC,NQC,1.1607,1.1784,NQC,NQC,1.2544
MANAGEMENT,Rajarata University of Sri Lanka,1.3185,1.3109,1.3781,1.2853,1.2886,1.2886,1.3447,NQC,1.2875,1.4507,NQC,1.3341,1.5812,1.352,1.305,1.2869,1.2945,1.2859,1.3607,1.2844,1.2919,1.2889,1.2884,1.3205,1.2849
MANAGEMENT,Sabaragamuwa University of Sri Lanka,1.3542,1.3554,1.3689,1.3553,1.3602,1.3637,1.3555,1.3738,1.3555,NQC,NQC,1.3933,NQC,NQC,NQC,NQC,1.3558,1.3618,1.3602,1.3634,1.3637,1.3557,1.3561,1.3571,1.3617
MANAGEMENT,Wayamba University of Sri Lanka,1.3712,1.3721,1.3744,1.373,1.3758,1.376,1.3951,1.4059,1.3878,NQC,NQC,1.3966,NQC,NQC,1.3702,NQC,1.3894,1.3742,1.3702,1.3724,1.3867,1.3822,1.3938,1.3728,1.3737
REAL ESTATE MANAGEMENT & VALUATION,University of Sri Jayewardenepura,1.5794,1.5395,1.4638,1.4628,1.5496,1.5619,1.5527,1.5894,1.5439,1.3482,1.2899,1.5419,1.2196,1.5189,1.4408,1.4687,1.5224,1.341,1.5379,1.5616,1.5306,1.5272,1.5169,1.5302,1.583
COMMERCE,University of Sri Jayewardenepura,1.6096,1.6071,1.6094,1.6053,1.6095,1.6472,1.6072,1.6053,1.6351,NQC,NQC,NQC,NQC,1.6367,NQC,NQC,1.6282,NQC,1.6062,1.6294,1.616,1.6169,NQC,1.6071,1.6159
COMMERCE,University of Kelaniya,1.4831,1.4869,1.4844,1.5017,1.4844,1.5037,1.4871,1.4943,1.4862,NQC,NQC,1.4856,NQC,NQC,NQC,NQC,1.4849,1.5497,1.4926,1.4956,1.5814,1.4928,1.5037,1.4939,1.5002
COMMERCE,University of Jaffna,1.2849,1.2625,1.2904,NQC,1.2479,NQC,1.2685,1.2719,NQC,NQC,NQC,NQC,1.2541,1.2521,NQC,NQC,NQC,NQC,1.3051,NQC,1.295,1.2377,1.238,1.278,1.2372
COMMERCE,"Eastern University, Sri Lanka",1.2854,1.2767,1.2906,1.1667,1.2512,1.1315,1.2628,1.3261,1.056,NQC,NQC,1.0686,1.2356,1.0574,1.0608,1.1332,1.0562,1.1032,1.3051,1.1168,1.0879,1.1269,1.2283,1.279,1.1834
COMMERCE,South Eastern University of Sri Lanka,1.289,1.2833,1.3147,1.1869,1.2476,1.1193,1.2646,1.2753,1.0437,0.8918,0.9646,NQC,NQC,NQC,0.9556,1.1162,1.0142,1.0981,1.3182,1.1125,1.08,1.1269,1.232,1.281,1.2047
MANAGEMENT (PUBLIC) HONOURS,University of Sri Jayewardenepura,1.5979,1.5452,1.5779,1.5862,1.5634,1.5713,1.54,1.5497,1.5189,1.4919,1.5127,1.5775,1.517,1.5193,1.562,1.499,1.5522,1.5265,1.5648,1.5806,1.6311,1.5792,1.6193,1.5787,1.6051
BUSINESS INFORMATION SYSTEMS,HONOURS) (BIS,1.9317,1.8556,1.864,1.7385,1.8075,1.863,1.897,1.9436,1.8041,1.863,1.2875,1.5583,1.282,1.7014,1.7542,1.9533,1.7972,1.7134,1.7715,1.8439,1.8352,1.867,1.7155,1.8873,1.9297
FINANCIAL ENGINEERING #,University of Kelaniya,1.5815,1.5772,1.5996,NQC,1.4504,1.3529,1.5297,1.4216,1.1957,1.0875,NQC,1.063,NQC,NQC,1.1009,1.1035,1.0637,1.4138,1.4696,1.5799,1.2738,1.477,1.611,1.442,1.4591
BANKING & INSURANCE,"University of Vavuniya, Sri Lanka",1.2825,1.258,1.2853,1.2282,1.2596,1.2634,1.2955,1.2892,1.1815,1.0237,0.9097,1.0539,1.2233,1.2462,1.2269,1.1005,1.01,1.1703,1.2911,1.1886,1.1956,1.2283,1.2026,1.2876,1.2819
LAW,University of Colombo,2.0038,2.0025,2.0115,2.0307,2.003,2.1405,2,2,1.9979,2.069,NQC,2.1026,2.0776,2.0576,2.0024,2.0666,2.0192,2.0253,2.003,1.9954,2.005,2.0025,2.012,2.0055,1.9984
LAW,University of Peradeniya,1.953,1.9628,1.9653,1.9852,1.9618,1.9687,1.9857,1.9597,NQC,1.9529,NQC,NQC,1.9594,1.9934,1.9595,1.9797,1.953,1.9764,1.9841,1.9585,1.9948,1.957,2.0942,1.9769,1.9621
LAW,University of Jaffna,1.9239,1.9009,1.8048,NQC,1.8142,1.7784,NQC,1.9404,NQC,1.9029,1.7541,1.7475,NQC,1.9205,1.9353,1.936,1.9327,1.8898,1.8426,1.9008,NQC,1.9149,NQC,1.8861,1.921
ARTS *,University of Colombo,1.718,1.718,1.718,1.718,1.718,1.718,1.718,1.718,1.718,1.718,1.718,1.718,1.718,1.718,1.718,1.718,1.718,1.718,1.718,1.718,1.718,1.718,1.718,1.718,1.718
ARTS *,University of Peradeniya,1.5825,1.5825,1.5825,1.5825,1.5825,1.5825,1.5825,1.5825,1.5825,1.5825,1.5825,1.5825,1.5825,1.5825,1.5825,1.5825,1.5825,1.5825,1.5825,1.5825,1.5825,1.5825,1.5825,1.5825,1.5825
ARTS *,University of Sri Jayewardenepura,1.531,1.531,1.531,1.531,1.531,1.531,1.531,1.531,1.531,1.531,1.531,1.531,1.531,1.531,1.531,1.531,1.531,1.531,1.531,1.531,1.531,1.531,1.531,1.531,1.531
ARTS *,University of Kelaniya,1.4394,1.4394,1.4394,1.4394,1.4394,1.4394,1.4394,1.4394,1.4394,1.4394,1.4394,1.4394,1.4394,1.4394,1.4394,1.4394,1.4394,1.4394,1.4394,1.4394,1.4394,1.4394,1.4394,1.4394,1.4394
ARTS *,University of Jaffna,1.2062,1.2062,1.2062,1.2062,1.2062,1.2062,1.2062,1.2062,1.2062,1.2062,1.2062,1.2062,1.2062,1.2062,1.2062,1.2062,1.2062,1.2062,1.2062,1.2062,1.2062,1.2062,1.2062,1.2062,1.2062
ARTS *,University of Ruhuna,1.3492,1.3492,1.3492,1.3492,1.3492,1.3492,1.3492,1.3492,1.3492,1.3492,1.3492,1.3492,1.3492,1.3492,1.3492,1.3492,1.3492,1.3492,1.3492,1.3492,1.3492,1.3492,1.3492,1.3492,1.3492
ARTS *,"Eastern University, Sri Lanka",1.1729,1.1729,1.1729,1.1729,1.1729,1.1729,1.1729,1.1729,1.1729,1.1729,1.1729,1.1729,1.1729,1.1729,1.1729,1.1729,1.1729,1.1729,1.1729,1.1729,1.1729,1.1729,1.1729,1.1729,1.1729
ARTS *,South Eastern University of Sri Lanka,1.3144,1.3144,1.3144,1.3144,1.3144,1.3144,1.3144,1.3144,1.3144,1.3144,1.3144,1.3144,1.3144,1.3144,1.3144,1.3144,1.3144,1.3144,1.3144,1.3144,1.3144,1.3144,1.3144,1.3144,1.3144
ARTS *,Rajarata University of Sri Lanka,1.319,1.319,1.319,1.319,1.319,1.319,1.319,1.319,1.319,1.319,1.319,1.319,1.319,1.319,1.319,1.319,1.319,1.319,1.319,1.319,1.319,1.319,1.319,1.319,1.319
ARTS (SP) / MASS MEDIA* #,University of Colombo - Sri Palee Campus,1.2114,1.2114,1.2114,1.2114,1.2114,1.2114,1.2114,1.2114,1.2114,1.2114,1.2114,1.2114,1.2114,1.2114,1.2114,1.2114,1.2114,1.2114,1.2114,1.2114,1.2114,1.2114,1.2114,1.2114,1.2114
ARTS (SP) / PERFORMING ARTS * #,University of Colombo - Sri Palee Campus,1.0876,1.0876,1.0876,1.0876,1.0876,1.0876,1.0876,1.0876,1.0876,1.0876,1.0876,1.0876,1.0876,1.0876,1.0876,1.0876,1.0876,1.0876,1.0876,1.0876,1.0876,1.0876,1.0876,1.0876,1.0876
ARTS (SAB) - A * [Arts Stream],Sabaragamuwa University of Sri Lanka,1.4045,1.4045,1.4045,1.4045,1.4045,1.4045,1.4045,1.4045,1.4045,1.4045,1.4045,1.4045,1.4045,1.4045,1.4045,1.4045,1.4045,1.4045,1.4045,1.4045,1.4045,1.4045,1.4045,1.4045,1.4045
ARTS (SAB) - B * [Commerce Stream],Sabaragamuwa University of Sri Lanka,1.2185,1.2185,1.2185,1.2185,1.2185,1.2185,1.2185,1.2185,1.2185,1.2185,1.2185,1.2185,1.2185,1.2185,1.2185,1.2185,1.2185,1.2185,1.2185,1.2185,1.2185,1.2185,1.2185,1.2185,1.2185
ARTS-INFORMATION TECHNOLOGY *,University of Sri Jayewardenepura,1.8484,1.8484,1.8484,1.8484,1.8484,1.8484,1.8484,1.8484,1.8484,1.8484,1.8484,1.8484,1.8484,1.8484,1.8484,1.8484,1.8484,1.8484,1.8484,1.8484,1.8484,1.8484,1.8484,1.8484,1.8484
AQUATIC BIORESOURCES,University of Sri Jayewardenepura,0.9271,0.7695,1.0194,0.6803,0.9049,0.6563,0.9275,0.9528,0.9054,0.9949,0.3307,0.8365,0.4195,0.7592,1.0166,1.0006,0.7969,0.7097,0.9248,0.582,0.4012,0.8145,0.8972,0.8502,0.976
URBAN BIORESOURCES,University of Sri Jayewardenepura,0.7891,0.7556,0.814,0.6335,0.7766,0.8008,0.8782,0.7989,0.816,0.689,0.3022,0.2125,0.2226,0.7938,0.7425,0.7491,0.7235,0.5615,0.8714,0.5738,0.5088,0.7917,0.7331,0.8456,0.8792
SOCIAL WORK *,University of Peradeniya,1.8014,1.8014,1.8014,1.8014,1.8014,1.8014,1.8014,1.8014,1.8014,1.8014,1.8014,1.8014,1.8014,1.8014,1.8014,1.8014,1.8014,1.8014,1.8014,1.8014,1.8014,1.8014,1.8014,1.8014,1.8014
SOCIAL WORK *,University of Jayewardenepura,1.7223,1.7223,1.7223,1.7223,1.7223,1.7223,1.7223,1.7223,1.7223,1.7223,1.7223,1.7223,1.7223,1.7223,1.7223,1.7223,1.7223,1.7223,1.7223,1.7223,1.7223,1.7223,1.7223,1.7223,1.7223
HUMAN RESOURCE DEVELOPMENT,Uva Wellassa University of Sri Lanka,1.4471,1.4873,1.5767,1.6141,1.5499,1.6196,1.5356,1.551,1.5173,1.4598,1.5526,1.592,1.6461,1.3174,1.6698,1.5635,1.6659,1.5841,1.6156,1.4898,1.5368,1.551,1.6109,1.5517,1.604
PRIMARY EDUCATION,University of Colombo,1.5008,1.6821,1.7488,1.6264,1.4135,1.6318,1.8038,1.7911,1.7798,NQC,NQC,NQC,NQC,1.6569,1.499,NQC,1.4953,1.7294,1.8039,1.659,1.7729,1.7796,1.6893,1.5968,1.7623
MANAGEMENT STUDIES (TV) - A [Commerce Stream],"University of Vavuniya, Sri Lanka",1.2271,1.2283,1.2333,1.1586,1.2041,1.1127,1.2229,1.2174,NQC,NQC,NQC,NQC,1.2117,NQC,NQC,1.0977,NQC,1.0899,1.2393,1.1501,1.1436,1.1152,1.2249,1.2441,1.175
MANAGEMENT STUDIES (TV) - A [Commerce Stream],Eastern University -Trincomalee Campus,1.2326,1.2338,1.238,NQC,1.232,1.1128,1.2377,1.2173,1.0374,0.9572,0.9587,1.0619,NQC,1.0532,0.947,1.0897,0.9916,NQC,1.2554,1.1762,1.074,1.1193,1.2028,1.2477,1.1759
MANAGEMENT STUDIES (TV) - B [Any subject combination],"University of Vavuniya, Sri Lanka",1.3148,1.3355,1.3144,1.3364,NQC,1.3413,1.4449,1.3128,1.3197,NQC,1.4266,NQC,NQC,1.3383,1.3403,NQC,1.314,1.318,1.3235,1.3182,1.3523,1.3805,1.3171,1.3678,1.3158
MANAGEMENT STUDIES (TV) - B [Any subject combination],Eastern University -Trincomalee Campus,1.2159,1.2759,1.2993,1.3359,1.2688,1.2609,1.2892,1.3061,1.2982,1.154,1.1442,1.1552,1.1958,NQC,1.3344,1.2222,1.2751,1.3366,1.301,1.3053,1.2678,1.2933,1.3394,1.276,1.2878
COMMUNICATION STUDIES *,Eastern University -Trincomalee Campus,1.2591,1.2591,1.2591,1.2591,1.2591,1.2591,1.2591,1.2591,1.2591,1.2591,1.2591,1.2591,1.2591,1.2591,1.2591,1.2591,1.2591,1.2591,1.2591,1.2591,1.2591,1.2591,1.2591,1.2591,1.2591
FINANCIAL ECONOMICS,University of Sri Jayewardenepura,1.8051,1.816,1.7039,1.7129,1.7072,1.7221,1.8236,1.8438,1.6811,1.3548,1.3238,1.065,1.5658,1.6188,1.6772,1.7445,1.4429,1.7536,1.7298,1.7909,1.8244,1.8211,1.6468,1.7454,1.7394
CREATIVE MUSIC TECHNOLOGY & PRODUCTION,University of Sri Jayewardenepura,1.4571,1.3741,1.5565,1.3067,1.4413,1.6155,1.4901,1.5734,1.5549,1.1702,1.3765,1.1896,1.1836,1.2851,1.2349,1.3342,1.3103,1.2811,1.359,1.5666,1.3766,1.3535,1.3682,1.5945,1.5729
PEACE & CONFLICT RESOLUTION *,University of Kelaniya,1.7097,1.7097,1.7097,1.7097,1.7097,1.7097,1.7097,1.7097,1.7097,1.7097,1.7097,1.7097,1.7097,1.7097,1.7097,1.7097,1.7097,1.7097,1.7097,1.7097,1.7097,1.7097,1.7097,1.7097,1.7097
ISLAMIC STUDIES *,South Eastern University of Sri Lanka,1.0912,1.0912,1.0912,1.0912,1.0912,1.0912,1.0912,1.0912,1.0912,1.0912,1.0912,1.0912,1.0912,1.0912,1.0912,1.0912,1.0912,1.0912,1.0912,1.0912,1.0912,1.0912,1.0912,1.0912,1.0912
ARABIC LANGUAGE *,South Eastern University of Sri Lanka,0.6697,0.6697,0.6697,0.6697,0.6697,0.6697,0.6697,0.6697,0.6697,0.6697,0.6697,0.6697,0.6697,0.6697,0.6697,0.6697,0.6697,0.6697,0.6697,0.6697,0.6697,0.6697,0.6697,0.6697,0.6697
ARCHITECTURE #,University of Moratuwa,1.1027,0.3956,0.8229,1.0112,1.0442,1.1282,1.2613,1.1287,0.9159,1.2043,NQC,1.0359,NQC,NQC,0.616,1.0429,0.9578,0.4771,1.1679,0.3166,0.447,0.9134,0.5759,1.0945,0.8104
DESIGN #,University of Moratuwa,1.171,0.4672,0.8747,0.7659,0.7393,0.5186,0.6972,1.07,0.6614,NQC,NQC,NQC,NQC,NQC,NQC,NQC,0.1072,1.9784,0.8923,0.2262,NQC,0.6454,0.1659,0.4628,0.5249
LANDSCAPE ARCHITECTURE #,University of Moratuwa,0.2314,0.1232,0.5218,0.5681,0.5865,NQC,0.0535,0.6811,0.2734,-0.0937,NQC,NQC,NQC,NQC,NQC,0.8021,0.2531,NQC,0.6169,-0.0345,0.0778,0.2706,0.5746,0.6021,0.2226
TOWN & COUNTRY PLANNING,University of Moratuwa,1.0697,0.9684,1.0595,1.08,0.9261,0.8728,1.0997,1.0875,1.0208,1.108,1.0034,0.8482,0.9077,1.0356,1.1375,0.9939,1.0158,0.8864,1.0637,0.9754,0.7398,1.0761,1.1026,1.1404,1.0998
FASHION DESIGN & PRODUCT DEVELOPMENT #,University of Moratuwa,1.171,0.8354,1.2241,0.8278,0.7925,-0.0576,0.9833,0.6762,0.6245,0.9751,NQC,NQC,NQC,NQC,0.2069,NQC,0.7401,0.7015,1.0022,0.3905,1.1116,0.5494,0.6034,0.9389,0.5435
ARTIFICIAL INTELLIGENCE,University of Moratuwa,2.0481,2.0455,2.056,2.0039,1.8855,2.0535,2.1122,2.0723,1.9027,1.9617,1.3238,1.5693,1.2498,1.7488,1.3678,2.0229,1.6088,1.4693,1.9247,1.6915,1.5049,1.9214,1.9966,2.0723,1.9903
INFORMATION TECHNOLOGY (IT),University of Moratuwa,1.3164,1.1536,1.2986,1.2489,1.1493,0.6335,1.0783,1.2718,1.0203,1.2979,NQC,0.4729,NQC,0.7056,1.3122,1.2506,0.9146,0.6786,1.1116,1.0165,0.7652,0.7908,0.81,0.8749,1.0426
INFORMATION TECHNOLOGY & MANAGEMENT #,University of Moratuwa,1.6983,1.567,1.6458,1.3254,1.639,1.3012,1.7065,1.7336,1.6923,1.7388,1.3178,1.4707,1.4911,1.5225,1.5588,1.531,1.4474,1.3475,1.6197,1.47,1.3141,1.4983,1.4741,1.5964,1.5941
FACILITIES MANAGEMENT,University of Moratuwa,1.5402,1.4289,1.5413,1.4563,1.4694,1.4563,1.4443,1.5603,1.4689,1.3551,1.1817,1.4705,1.1849,1.5549,1.5491,1.4509,1.2264,1.4384,1.3966,1.5064,1.4111,1.5751,1.5587,1.4342,1.5024
TRANSPORT MANAGEMENT & LOGISTICS ENGINEERING (TMLE),University of Moratuwa,1.5629,1.459,1.59,1.5183,1.5028,1.2798,1.606,1.5496,1.6021,1.5589,1.0237,1.0463,0.7543,1.157,1.2354,1.3384,1.1981,1.3067,1.5275,1.3866,1.1273,1.4448,1.4683,1.5047,1.5039
BUSINESS SCIENCE,University of Moratuwa,1.9698,1.8747,1.9138,1.9048,1.7062,1.6831,1.9024,2.01,1.6099,1.3797,0.929,1.7639,1.4431,2.0405,1.6668,1.5441,1.6587,1.848,1.6678,1.8292,1.8008,1.6827,1.8142,1.8571,1.9577
MANAGEMENT AND INFORMATION TECHNOLOGY (MIT) #,University of Kelaniya,1.2478,1.2728,1.2294,1.3236,1.2685,0.7213,1.2934,1.3459,1.3027,1.3509,NQC,1.0933,0.7165,0.7135,1.0237,1.3141,0.8861,1.0236,1.2605,1.2434,0.6901,1.1443,1.2309,1.2025,1.2087
INDUSTRIAL STATISTICS & MATHEMATICAL FINANCE,University of Colombo,1.2869,1.2593,1.2416,1.0975,1.2782,0.8723,1.3176,1.2872,1.3374,1.215,0.872,0.5469,0.5726,1.2292,1.0293,1.1579,1.0165,1.0541,1.2803,1.1118,0.7717,1.2877,1.1301,1.3233,1.2318
FINANCIAL MATHEMATICS AND INDUSTRIAL STATISTICS,University of Ruhuna,1.0288,1.0215,1.0783,0.892,0.9673,0.6082,1.0711,1.0809,1.1104,1.0583,0.4734,0.3522,0.5371,0.8896,0.9288,1.0484,0.8596,0.9377,1.0196,0.9891,0.704,1.0562,0.8842,1.0717,1.0688
STATISTICS & OPERATIONS RESEARCH,University of Peradeniya,1.2705,1.2686,1.3111,1.278,1.3497,1.0681,1.3609,1.3502,1.3608,1.3553,0.8949,0.7306,0.5698,1.0531,1.1016,1.2576,1.0712,1.064,1.3563,1.2189,0.9675,1.3069,1.2613,1.3095,1.3252
GEOGRAPHICAL INFORMATION SCIENCE,University of Peradeniya,1.9222,1.9961,1.9233,1.9493,2.0302,1.7989,1.9887,2.073,1.9968,1.8949,2.0612,1.92,1.9218,1.7666,2.0327,1.9766,1.9955,1.8688,2.0336,1.9597,2.0047,1.9882,1.9926,1.9588,2.0209
NFORMATION AND COMMUNICATION TECHNOLOGY (ICT) #,Rajarata University of Sri Lanka,0.8767,0.9018,0.869,0.9389,0.8574,1.164,0.8983,0.8958,0.8662,0.9188,NQC,NQC,NQC,1.4667,1.0812,0.8626,0.877,0.8809,0.89,0.8672,NQC,0.9184,NQC,0.9015,0.9586
NFORMATION AND COMMUNICATION TECHNOLOGY (ICT) #,"University of Vavuniya, Sri Lanka",0.5421,0.5642,0.7297,0.6595,0.7592,0.179,0.6911,0.7513,0.8136,0.9618,0.5043,0.846,1.1284,0.7217,0.5191,0.744,0.7846,0.0527,0.6661,0.547,0.3448,0.4432,0.2875,0.7922,0.4803
INFORMATION SYSTEMS #,University of Colombo School of Computing,1.1812,1.2055,1.2078,NQC,1.2129,1.2299,1.178,1.2019,1.3559,1.2029,NQC,1.2409,NQC,NQC,NQC,1.2695,1.361,NQC,1.3119,1.2306,NQC,2.1134,NQC,1.1952,1.2978
INFORMATION SYSTEMS #,University of Sri Jayewardenepura,1.1415,1.1482,1.2117,1.5958,1.3269,NQC,1.1591,NQC,1.2605,NQC,NQC,NQC,NQC,NQC,NQC,NQC,NQC,1.1742,1.1651,NQC,NQC,NQC,NQC,1.4896,1.1581
INFORMATION SYSTEMS #,University of Sabaragamuwa,0.9414,0.4499,0.3636,0.2153,0.219,0.2643,0.7929,0.4869,0.2568,0.2557,NQC,0.258,NQC,0.3714,0.3894,0.3894,0.4487,0.7094,0.2528,0.4688,0.4235,0.2804,0.4453,0.568,0.3236
SOFTWARE ENGINEERING,University of Sri Jayewardenepura,1.4818,1.4876,1.4958,NQC,1.483,NQC,1.4822,1.4852,1.5052,1.5082,NQC,NQC,NQC,1.4905,NQC,NQC,1.5052,NQC,1.4925,1.4966,NQC,1.4869,NQC,1.4864,1.4965
SOFTWARE ENGINEERING,University of Kelaniya,1.5372,1.5317,1.5365,NQC,1.5189,NQC,1.5465,1.5372,1.5143,1.5199,NQC,NQC,1.5418,NQC,NQC,NQC,NQC,NQC,1.5466,NQC,NQC,NQC,1.5679,1.5653,1.5318
SOFTWARE ENGINEERING,Sabaragamuwa University of Sri Lanka,1.3875,1.3388,NQC,1.1888,1.421,0.8187,1.4546,NQC,NQC,1.6124,1.1679,1.1122,1.0084,NQC,1.157,1.3163,1.1844,1.1462,1.3908,1.2106,0.781,1.3114,1.2427,1.4507,1.3435
AYURVEDIC MEDICINE & SURGERY,University of Colombo,1.1413,1.132,1.1161,1.1834,1.1161,NQC,1.1543,1.1339,1.1243,1.1722,NQC,NQC,NQC,1.1909,1.1224,1.1111,1.1254,1.1243,1.1356,1.1566,1.1235,1.1301,1.1112,1.1391,1.1219
AYURVEDIC MEDICINE & SURGERY,"The Gampaha Wickramarachchi University of Indigenous Medicine, Sri Lanka",0.8453,0.7884,1.0163,0.7967,0.8989,0.7445,1.0044,1.1313,1.1018,0.8635,0.6676,0.8186,1.1659,1.0654,1.0945,1.0738,1.1254,1.0073,0.942,0.902,0.9141,1.0792,1.0548,0.9274,0.9978
UNANI MEDICINE & SURGERY,University of Colombo,0.9695,0.5901,0.778,1.0833,1.0023,0.5256,0.9355,0.9573,0.9321,0.7642,0.6318,0.8055,0.4243,0.8336,1.1875,1.2597,1.3318,1.3224,1.0916,0.827,1.063,0.7582,0.8588,1.2434,0.9244
SIDDHA MEDICINE & SURGERY,University of Jaffna,0.5715,-0.409,0.734,NQC,0.5386,0.2839,NQC,NQC,NQC,0.747,0.674,0.6423,0.691,0.6363,0.7539,0.7482,0.7573,0.5737,0.5313,0.4092,0.3184,1.1353,0.048,0.6065,NQC
SIDDHA MEDICINE & SURGERY,Eastern University - Trincomalee Campus,0.4383,0.4225,0.5838,0.5883,0.5284,NQC,0.5437,0.5752,0.616,0.8202,NQC,NQC,NQC,0.8055,0.8129,0.7989,0.7276,0.5631,0.5652,0.4273,0.5996,0.4693,0.8132,0.6019,0.4302
INDIGENOUS MEDICINAL RESOURCES,"The Gampaha Wickramarachchi University of Indigenous Medicine, Sri Lanka",0.5043,0.4798,0.6228,0.5791,0.5812,0.3333,0.6395,0.6093,0.6449,0.6615,0.3229,0.2385,0.2822,0.4235,0.6419,0.6362,0.5632,0.466,0.6219,0.4326,0.5682,0.5296,0.5343,0.6335,0.536
HEALTH INFORMATION AND COMMUNICATION TECHNOLOGY,"The Gampaha Wickramarachchi University of Indigenous Medicine, Sri Lanka",0.9894,1.0374,1.0609,1.1467,1.0658,1.0474,1.1468,1.1646,1.1374,0.798,0.2938,0.3917,0.4441,0.9452,0.7161,1.0664,0.8983,0.7391,1.1512,0.9924,0.6785,1.1306,0.8673,1.1158,1.0478
HEALTH TOURISM AND HOSPITALITY MANAGEMENT,"The Gampaha Wickramarachchi University of Indigenous Medicine, Sri Lanka",1.2277,1.2467,1.2298,1.1408,1.2018,1.1056,1.261,1.264,1.1071,0.9463,0.9018,1.0246,1.1609,1.0331,0.9219,1.1206,0.9687,1.0655,1.2421,1.1319,1.0689,1.1207,1.2008,1.2645,1.2189
BIOMEDICAL TECHNOLOGY,"The Gampaha Wickramarachchi University of Indigenous Medicine, Sri Lanka",1.0057,1.0278,1.162,1.1511,1.1061,0.9012,1.1831,1.2344,1.1551,0.8457,0.7141,0.7467,0.8908,1.0332,1.1359,1.2084,0.9017,0.7273,1.1566,0.9687,1.1071,1.1073,0.8528,1.1261,1.058
INDIGENOUS PHARMACEUTICAL TECHNOLOGY,"The Gampaha Wickramarachchi University of Indigenous Medicine, Sri Lanka",0.9292,0.9821,1.0414,1.1091,1.0226,0.8341,1.0864,1.1012,1.0918,0.8371,0.6293,0.8008,0.4234,0.8293,0.6262,0.9611,0.9874,0.6753,1.0954,0.9214,1.094,1.0919,0.8524,1.1031,1.0389
YOGA AND PARAPSYCHOLOGY,"The Gampaha Wickramarachchi University of Indigenous Medicine, Sri Lanka",1.2371,1.3088,1.3075,1.3078,1.3141,1.3351,1.3263,1.3521,1.312,1.1645,1.155,1.357,1.1545,1.3099,1.2732,1.1742,1.2965,1.287,1.3155,1.2951,1.2805,1.3169,1.3544,1.3169,1.2958
SOCIAL STUDIES IN INDIGENOUS KNOWLEDGE,"The Gampaha Wickramarachchi University of Indigenous Medicine, Sri Lanka",1.2723,1.2789,1.308,1.3261,1.3616,1.3617,1.324,1.3184,1.316,1.2371,1.1664,1.3138,1.1523,1.3168,1.3925,1.3948,1.3052,1.272,1.3398,1.3138,1.3187,1.3376,1.3331,1.3908,1.2934
HEALTH PROMOTION,Rajarata University of Sri Lanka,0.547,0.5446,0.6996,0.6597,0.675,0.6223,0.7049,0.7267,0.7254,0.6562,0.4617,0.57,0.5144,0.5585,0.5614,0.6844,0.6907,0.6195,0.7368,0.614,0.6335,0.6432,0.62,0.7229,0.6395
NURSING,University of Colombo,1.1929,1.1884,1.1902,NQC,NQC,NQC,1.1939,1.1992,1.2266,1.1993,1.1914,1.2278,1.3856,1.2567,1.222,1.2015,1.1959,1.2663,1.191,1.3498,1.2157,1.2105,1.2349,NQC,1.1893
NURSING,University of Peradeniya,1.2342,1.3383,1.2597,NQC,1.3008,NQC,1.238,1.2361,1.2339,1.2584,NQC,NQC,NQC,NQC,1.316,NQC,1.2359,1.3846,1.2539,1.2371,NQC,1.2557,1.2791,1.2483,1.3187
NURSING,University of Sri Jayewardenepura,1.1442,1.1266,1.1506,1.1356,NQC,NQC,1.133,1.1294,1.1346,1.1534,NQC,1.1498,1.1769,1.1376,1.179,1.1378,1.1404,NQC,1.1575,1.1753,NQC,1.1346,1.1471,NQC,1.131
NURSING,University of Jaffna,0.8352,0.8415,NQC,0.9704,0.8495,0.903,1.0061,NQC,NQC,0.9637,NQC,0.9179,0.9836,1.039,1.0192,0.9374,1.0531,0.9075,0.8692,0.8495,0.84,0.9783,1.1008,0.8498,0.9134
NURSING,University of Ruhuna,0.8522,0.8532,0.9309,0.965,0.8955,0.9177,0.9826,1.0174,0.992,1.0408,1.1375,NQC,NQC,1.0532,NQC,1.0013,1.0786,0.9236,0.8531,0.8702,0.9358,0.9479,1.0118,0.8756,0.9198
NURSING,"Eastern University, Sri Lanka",0.6843,NQC,NQC,NQC,0.7925,0.7229,NQC,NQC,NQC,NQC,1.0353,NQC,NQC,NQC,NQC,0.9994,1.0082,NQC,0.8571,0.6852,0.7772,NQC,NQC,0.8502,0.9651
PHARMACY,University of Peradeniya,1.6162,1.5741,1.5701,NQC,1.6247,NQC,1.574,NQC,1.5702,1.5839,NQC,NQC,NQC,1.5898,1.5775,1.5872,1.6125,NQC,1.5919,NQC,NQC,1.5731,NQC,1.5982,1.5769
PHARMACY,University of Sri Jayewardenepura,1.5306,1.5241,1.5483,1.5392,1.5465,NQC,1.5364,1.5286,1.5269,1.5272,NQC,NQC,1.5448,1.5486,1.5365,1.5309,1.5375,1.5385,1.5239,NQC,NQC,1.5611,NQC,1.5232,1.546
PHARMACY,University of Jaffna,1.0952,1.1104,NQC,1.2052,1.2126,1.0697,NQC,NQC,NQC,1.5035,1.5336,1.3911,NQC,NQC,1.4968,1.4891,1.4945,1.3962,1.4706,1.1827,1.1162,1.3813,1.3157,NQC,NQC
PHARMACY,University of Ruhuna,NQC,1.3994,1.4321,NQC,1.3965,NQC,1.4923,1.4764,1.4849,NQC,NQC,NQC,1.4506,1.4387,NQC,1.5034,1.455,1.4419,1.4114,NQC,NQC,1.4547,1.4405,1.5006,1.419
MEDICAL LABORATORY SCIENCES,University of Peradeniya,1.7167,NQC,1.7401,NQC,1.7092,NQC,1.7304,1.712,1.7054,1.7561,NQC,NQC,NQC,NQC,NQC,1.7382,1.7194,NQC,1.7054,NQC,NQC,NQC,NQC,1.7271,1.7051
MEDICAL LABORATORY SCIENCES,University of Sri Jayewardenepura,1.6527,NQC,1.6534,NQC,1.6931,NQC,1.6681,1.668,1.6555,1.6543,NQC,NQC,NQC,1.6896,NQC,1.7539,1.6565,NQC,1.6575,NQC,NQC,NQC,NQC,1.6564,1.6553
MEDICAL LABORATORY SCIENCES,University of Jaffna,1.4305,1.3056,NQC,1.399,1.4771,1.1843,1.6107,NQC,NQC,1.6436,1.5983,1.5085,1.603,1.6158,1.6113,1.6084,1.6454,1.5206,NQC,1.3768,1.1836,1.5035,1.4777,NQC,1.5615
MEDICAL LABORATORY SCIENCES,University of Ruhuna,1.5562,1.5674,1.597,1.6323,1.5533,NQC,1.6253,1.5984,1.6116,NQC,NQC,NQC,NQC,NQC,1.6224,1.6084,1.5551,1.5445,1.5939,NQC,NQC,1.5724,NQC,1.5833,1.5562
RADIOGRAPHY,University of Peradeniya,1.4253,1.4341,1.4866,1.357,1.3905,1.2336,1.4146,1.4687,1.5502,1.5571,1.557,1.4238,1.4904,1.4813,1.5627,1.5164,1.5723,1.5429,1.5505,1.4098,1.2645,1.4799,1.5449,1.575,1.5037
MEDICAL IMAGING TECHNOLOGY,University of Colombo,1.5533,1.5085,1.5391,1.3418,1.4958,1.3735,1.4766,1.5766,1.5823,1.4538,1.2731,1.462,1.4162,1.5521,1.2794,1.5098,1.5852,1.5543,1.5507,1.4436,1.2247,1.5833,1.462,1.5194,1.5794
PHYSIOTHERAPY,University of Colombo,1.6537,NQC,1.6928,NQC,1.6857,NQC,1.6966,1.6836,1.6695,1.6759,NQC,NQC,NQC,NQC,1.6555,1.6657,1.7007,NQC,1.6734,NQC,NQC,NQC,NQC,NQC,1.6648
PHYSIOTHERAPY,University of Peradeniya,1.6151,1.5581,NQC,1.5072,1.5786,1.2694,1.6871,1.7154,NQC,1.7109,1.5702,1.543,1.6234,1.6377,NQC,1.6903,1.696,1.6454,1.7232,1.3458,1.3046,1.575,1.5372,1.6189,1.675
OCCUPATIONAL THERAPY,University of Kelaniya,1.2904,1.1592,1.3673,1.223,1.2908,1.1088,1.3834,1.4317,1.3729,1.3996,1.359,1.0102,1.4198,1.3074,1.3189,1.4293,1.4318,1.4324,1.3718,1.1897,1.1833,1.315,1.3262,1.3786,1.3096
OPTOMETRY,University of Sri Jayewardenepura,1.4086,1.2372,1.3898,1.3834,1.3863,1.1477,1.3966,1.4537,1.4359,1.4772,1.405,1.3446,1.4866,1.3532,1.4911,1.47,1.4633,1.4935,1.4388,1.1741,1.0784,1.3195,1.4246,1.4595,1.4414
ENVIRONMENTAL CONSERVATION & MANAGEMENT,University of Kelaniya,0.801,0.8661,0.8829,0.7818,0.8357,0.7375,0.9434,0.9402,0.975,0.6446,0.4486,0.9298,0.9779,0.6177,0.6674,0.6503,0.8476,0.8203,0.845,0.7954,0.8926,0.825,0.7508,0.9707,0.9048
APPLIED CHEMISTRY,University of Kelaniya,1.4664,1.4405,1.4741,1.3373,1.3994,1.2978,1.4173,1.4785,1.4686,1.371,0.9322,1.041,0.9189,0.8452,1.2645,1.4021,1.4615,1.3995,1.4146,1.3664,1.2529,1.33,1.3832,1.3978,1.4141
ELECTRONICS AND COMPUTER SCIENCE,University of Kelaniya,1.4536,1.4319,1.4332,1.443,1.4093,0.9738,1.4452,1.4616,1.4254,1.4517,1.0147,1.0521,0.9422,1.2451,1.1905,1.4344,1.1898,1.2916,1.4234,1.3349,1.2973,1.3951,1.371,1.4044,1.4149
ACCOUNTING INFORMATION SYSTEMS,University of Kelaniya,1.6551,1.5243,1.7029,1.5773,1.4866,1.665,1.5494,1.6972,1.6388,1.4075,NQC,1.0883,-0.2361,1.0641,1.5726,1.6337,1.6489,1.7022,1.6647,1.5635,1.6929,1.5592,1.7148,1.7144,1.7204
FISHERIES & MARINE SCIENCES,University of Ruhuna,0.6364,0.5586,0.7498,0.7222,0.6057,0.5771,0.6993,0.722,0.7208,0.6113,0.4242,0.4677,0.6402,0.4123,0.5575,0.5615,0.6243,0.5322,0.6808,0.5574,0.4872,0.6684,0.688,0.6958,0.7058
MARINE AND FRESHWATER SCIENCES,University of Ruhuna,0.866,0.8085,0.8267,0.8861,0.8251,0.8625,0.8847,0.9032,0.8198,0.9031,0.5578,0.7679,0.3524,0.785,0.901,0.8468,0.7123,0.6873,0.8054,0.6968,0.6411,0.7959,0.7977,0.872,0.9135
ANIMAL SCIENCE & FISHERIES,University of Peradeniya,0.9481,1.0099,1.0219,0.934,1.0044,0.9404,1.0082,0.9949,1.046,1.0147,1.0118,0.3409,0.8046,0.4319,0.5905,1.0512,0.7761,0.9096,1.0332,0.8369,0.9751,0.9895,1.0657,1.0004,1.0032
FOOD PRODUCTION & TECHNOLOGY MANAGEMENT,Wayamba University of Sri Lanka,0.7182,0.8552,0.902,0.8352,0.9292,0.7283,0.8833,0.9253,0.9657,0.8549,0.7285,0.8604,0.5136,0.8849,0.7388,0.6946,0.7503,0.9316,0.9156,0.8638,0.7492,0.8575,0.9543,0.9211,0.8539
FOOD BUSINESS MANAGEMENT [Biological / Physical Science Stream],Sabaragamuwa University of Sri Lanka,0.7977,0.743,0.7559,0.6908,0.7817,0.6827,0.8451,0.8623,0.8504,0.8635,0.3782,0.4877,0.2773,0.3543,0.7876,0.8316,0.8117,0.6864,0.7927,0.6143,0.6793,0.7773,0.8444,0.854,0.7808
FOOD BUSINESS MANAGEMENT [Commerce Stream],Sabaragamuwa University of Sri Lanka,1.2957,1.2977,1.2797,1.1666,1.2572,1.1065,1.3291,1.3384,1.1523,1.0644,0.5331,1.0606,1.178,1.0095,1.1627,1.0752,1.0157,1.0872,1.258,1.2046,1.3173,1.3014,1.276,1.3112,1.2731
MANAGEMENT AND INFORMATION TECHNOLOGY (SEUSL),South Eastern University of Sri Lanka,1.3457,1.43,1.4332,1.5725,1.5037,1.3993,1.5275,1.4749,1.3632,1.5027,1.4104,1.5983,1.562,1.5617,1.5828,1.5841,1.592,1.5525,1.4961,1.4766,1.3861,1.4761,1.4126,1.5412,1.4501
COMPUTING & INFORMATION SYSTEMS,Sabaragamuwa University of Sri Lanka,1.0381,1.038,1.1007,0.8558,0.9399,0.5573,1.084,1.1215,1.0793,1.1011,0.9562,0.5667,0.5171,1.064,0.992,1.0319,1.0374,1.0346,1.0631,0.9517,0.7058,1.0868,1.0141,0.9452,1.0474
DATA SCIENCE,Sabaragamuwa University of Sri Lanka,1.3613,1.3505,1.4172,1.1836,1.3509,0.9592,1.3813,1.402,1.4023,1.3979,1.0163,0.5768,0.5742,1.1215,1.247,1.2586,1.3876,1.2104,1.3894,1.3049,1.2577,1.3884,1.3114,1.3966,1.3317
PHYSICAL EDUCATION #,University of Jaffna,0.1613,0.03,NQC,NQC,NQC,0.2803,NQC,NQC,NQC,0.197,0.3664,0.7151,0.5126,0.197,0.1176,0.2359,0.0565,-0.0226,1.0374,0.0136,NQC,NQC,NQC,NQC,NQC
PHYSICAL EDUCATION #,Sabaragamuwa University of Sri Lanka,-0.1884,-0.753,-0.3062,-0.5104,-0.5743,-0.433,NQC,0.1621,-0.3248,0.7122,NQC,0.2804,0.315,NQC,-0.427,-0.2996,0.1651,-0.2763,-0.0164,-0.703,NQC,-0.4326,0.1575,0.0744,-0.4763
SPORTS SCIENCE & MANAGEMENT #,University of Sri Jayewardenepura,0.8551,0.8391,0.8588,NQC,0.9146,1.103,0.8627,1.2009,1.0829,NQC,1.1502,NQC,0.9354,NQC,0.9992,0.9427,1.2696,0.8768,1.0252,NQC,1.0606,0.857,NQC,1.0454,0.8375
SPORTS SCIENCE & MANAGEMENT #,University of Kelaniya,0.6632,0.6882,0.7368,0.7824,0.6672,1.0894,0.6865,0.8214,0.6952,NQC,NQC,0.8277,NQC,NQC,NQC,NQC,0.9496,0.6881,0.7317,NQC,0.9622,NQC,NQC,0.7164,NQC
SPORTS SCIENCE & MANAGEMENT #,Sabaragamuwa University of Sri Lanka,0.5376,0.5532,0.4018,0.4505,0.7381,-0.31,0.1814,0.4293,0.2507,-0.348,0.9333,NQC,NQC,NQC,0.2434,-0.1692,0.4199,0.7034,0.3235,0.154,-0.225,0.3061,0.5453,0.2845,0.4114
SPEECH AND HEARING SCIENCES #,University of Kelaniya,1.3018,1.5693,1.5179,1.5218,1.4592,1.1876,1.3344,1.2648,1.4845,1.358,0.3224,1.4451,0.9655,1.021,1.291,1.5633,1.5559,1.3925,1.4361,1.2651,0.8484,1.3959,1.2657,1.4631,1.413
TOURISM & HOSPITALITY MANAGEMENT,Rajarata University of Sri Lanka,1.317,1.4184,1.3726,1.4645,1.4195,1.4555,1.4395,NQC,1.3499,1.1544,1.4279,1.499,NQC,NQC,1.2201,1.1673,1.3212,1.3726,1.4894,1.4365,NQC,NQC,1.3814,1.459,1.4802
TOURISM & HOSPITALITY MANAGEMENT,Sabaragamuwa University of Sri Lanka,1.4437,1.4381,1.4432,1.4457,1.453,1.4527,1.4384,1.4684,1.4956,NQC,NQC,NQC,1.4803,1.4549,NQC,NQC,NQC,1.4579,1.4793,1.4532,1.4531,1.4505,1.5647,1.4721,1.4721
AGRICULTURAL RESOURCE MANAGEMENT AND TECHNOLOGY,University of Ruhuna,0.5485,0.5856,0.8142,0.7527,0.8096,0.6879,0.8234,0.7875,0.8346,0.5905,0.4538,0.4403,0.3533,0.4802,0.4761,0.5988,0.595,0.5939,0.8216,0.7831,0.8683,0.6813,0.7453,0.7493,0.8147
AGRI BUSINESS MANAGEMENT,University of Ruhuna,0.5777,0.6726,0.768,0.7257,0.7283,0.7686,0.7902,0.7723,0.7755,0.7075,0.4114,0.2939,0.2891,0.2904,0.6009,0.6158,0.6398,0.5053,0.769,0.7446,0.6871,0.668,0.5931,0.7444,0.7499
GREEN TECHNOLOGY,University of Ruhuna,0.7413,0.7273,0.8642,0.6429,0.8093,0.7087,0.887,0.8585,0.8963,0.7102,0.6769,0.7586,0.2835,0.6147,0.8682,0.7257,0.5809,0.7556,0.7867,0.5755,0.552,0.7388,0.7615,0.8738,0.889
SCIENCE AND TECHNOLOGY,Uva Wellassa University of Sri Lanka,0.8494,0.8468,0.938,0.9858,0.8327,0.6925,0.9558,0.9577,0.9695,0.9713,0.8768,0.8824,0.4364,0.978,0.9462,0.9086,0.8652,0.7852,0.911,0.8199,0.5703,0.9377,0.7486,0.8652,0.8413
COMPUTER SCIENCE & TECHNOLOGY #,Uva Wellassa University of Sri Lanka,0.8917,0.9083,1.0705,0.8601,0.9592,0.5418,1.0906,1.0776,1.0951,1.1189,0.8339,1.1309,0.5434,1.0911,0.8372,1.0657,1.0531,0.9228,0.9779,0.8742,0.5404,0.8487,0.953,1.0737,0.9621
ENTREPRENEURSHIP AND MANAGEMENT #,Uva Wellassa University of Sri Lanka,1.2281,1.2471,1.2467,1.243,1.2494,1.1206,1.2645,1.277,1.1057,0.7803,1.0459,1.052,1.0752,1.097,1.1342,0.9905,1.0282,1.1519,1.2452,1.2194,1.0312,1.2359,1.2173,1.2186,1.2385
ANIMAL PRODUCTION AND FOOD TECHNOLOGY,Uva Wellassa University of Sri Lanka,0.5384,0.5861,0.6069,0.6724,0.5953,0.4334,0.6459,0.6701,0.6494,0.6557,0.4201,0.6189,0.4169,0.3547,0.6344,0.5569,0.5568,0.4438,0.6307,0.5154,0.6335,0.6017,0.5658,0.6328,0.5529
EXPORT AGRICULTURE,Uva Wellassa University of Sri Lanka,0.537,0.5625,0.6188,0.6035,0.6159,0.4346,0.6662,0.6345,0.6652,0.6271,0.6892,0.2525,0.609,0.262,0.5171,0.5436,0.5831,0.4226,0.6149,0.5316,0.6845,0.6336,0.531,0.6277,0.6147
NDUSTRIAL INFORMATION TECHNOLOGY #,Uva Wellassa University of Sri Lanka,1.2854,1.1846,1.2606,1.3092,1.2194,1.0913,1.2545,1.2693,1.2654,1.2459,0.6355,1.0465,0.9126,1.0865,1.2952,1.2347,1.2162,1.1711,1.2402,1.1379,1.3099,1.2002,1.3403,1.3427,1.3119
MINERAL RESOURCES AND TECHNOLOGY,Uva Wellassa University of Sri Lanka,0.7153,0.7197,0.7502,0.8219,0.7291,0.5238,0.8012,0.7641,0.7811,0.8167,0.805,0.5081,0.5518,0.678,0.7907,0.7541,0.7111,0.6461,0.7883,0.7585,0.5399,0.7994,0.6706,0.7396,0.7329
AQUATIC RESOURCES TECHNOLOGY,Uva Wellassa University of Sri Lanka,0.4851,0.5091,0.5867,0.6023,0.5847,0.376,0.5924,0.602,0.6085,0.6052,0.3673,0.2913,0.3244,0.3906,0.6093,0.5462,0.5723,0.4686,0.5893,0.4909,0.4733,0.566,0.4617,0.5858,0.5235
"HOSPITALITY, TOURISM AND EVENTS MANAGEMENT #",Uva Wellassa University of Sri Lanka,1.2685,1.2538,1.2836,1.2644,1.2644,1.2598,1.3126,1.2938,1.2256,0.8376,0.7287,1.2047,0.8884,1.268,1.171,0.9571,1.067,1.1635,1.249,1.2046,1.071,1.2249,1.0519,1.2393,1.2733
ENGLISH LANGUAGE & APPLIED LINGUISTICS,Uva Wellassa University of Sri Lanka,1.4101,1.3601,1.4323,1.5115,1.4723,1.5522,1.4373,1.5183,1.5221,1.5936,1.4479,1.4857,1.1513,1.528,1.5847,1.5599,1.5817,1.4694,1.4497,1.4585,1.4342,1.5813,1.5784,1.5876,1.4209
PLANTATION MANAGEMENT AND TECHNOLOGY,Uva Wellassa University of Sri Lanka,0.5741,0.6009,0.6723,0.5582,0.6124,0.4775,0.6795,0.6569,0.6543,0.6486,0.477,0.2077,0.2664,0.4625,0.4967,0.5157,0.537,0.4018,0.6595,0.4957,0.4619,0.5913,0.5748,0.6279,0.538
ENGINEERING TECHNOLOGY (ET),University of Colombo,1.7916,1.7798,1.7798,1.7553,1.7588,1.889,1.7665,1.7598,1.7827,1.8646,1.8774,NQC,NQC,NQC,1.7613,1.7827,NQC,1.823,1.7725,1.783,NQC,1.7891,1.8538,1.8327,1.8044
ENGINEERING TECHNOLOGY (ET),University of Sri Jayewardenepura,1.9509,1.94,1.9259,1.9103,2.0072,1.9312,1.9102,1.9196,NQC,1.9351,2.0729,NQC,NQC,NQC,2.2248,1.9269,2.1379,2.0283,1.9116,1.9146,NQC,1.919,2.0072,2.1312,1.9326
ENGINEERING TECHNOLOGY (ET),University of Ruhuna,1.6559,1.6534,1.648,1.6926,1.6514,1.7028,1.6549,1.6526,1.6672,1.6823,NQC,NQC,NQC,NQC,1.7241,1.657,1.6995,1.7054,1.6475,1.6682,1.6681,1.6578,NQC,1.6593,1.6637
ENGINEERING TECHNOLOGY (ET),University of Jaffna,1.0845,1.0934,1.1722,1.1816,0.987,0.9164,1.2399,1.302,1.1762,0.7821,0.0642,0.4322,0.5534,0.2225,0.595,0.9831,0.7647,0.6744,1.1684,0.9217,0.744,1.1227,0.768,1.3712,1.0801
ENGINEERING TECHNOLOGY (ET),University of Ruhuna,1.3305,1.3324,1.3432,1.3594,1.3364,1.3314,1.3448,1.3384,1.3703,NQC,NQC,NQC,1.4436,NQC,1.5264,1.6356,1.5802,1.5422,1.3397,1.396,1.4564,1.3429,1.3838,1.35,1.3427
ENGINEERING TECHNOLOGY (ET),Rajarata University of Sri Lanka,1.0776,1.0672,1.0766,1.2354,0.9805,0.9125,1.2663,1.4843,NQC,1.0437,NQC,NQC,NQC,0.9334,0.9775,1.0002,0.9684,0.9488,1.1712,0.9205,0.9219,1.1501,0.9738,1.1298,1.0947
ENGINEERING TECHNOLOGY (ET),Sabaragamuwa University of Sri Lanka,1.1389,1.1374,1.1472,1.2403,1.1482,1.2403,1.1767,1.3418,1.1694,NQC,NQC,NQC,1.1804,1.5407,NQC,1.2859,1.1709,1.181,1.1884,1.1829,NQC,1.1399,1.1678,1.1409,1.1389
ENGINEERING TECHNOLOGY (ET),Wayamba University of Sri Lanka,1.2138,1.2094,1.2399,1.2222,1.2194,1.2109,1.2163,1.3251,1.2114,1.2638,NQC,NQC,NQC,NQC,1.2614,1.2088,1.2379,1.2221,1.2134,1.2119,1.542,1.226,1.2055,1.2144,1.2139
ENGINEERING TECHNOLOGY (ET),Uva Wellassa University of Sri Lanka,1.0934,1.0757,1.0733,1.1874,1.0243,1.0223,1.1782,1.3046,1.2055,1.0287,NQC,NQC,NQC,1.0215,1.1551,1.0721,0.9938,1.0835,1.2148,1.0047,1.0262,1.0948,0.988,1.1452,1.1187
BIOSYSTEMS TECHNOLOGY (BST),University of Colombo,1.7011,1.6256,1.6699,1.6552,1.6894,1.624,1.6564,1.6347,1.6236,1.8488,NQC,NQC,1.6709,NQC,1.6355,1.7305,1.7506,1.6433,1.6345,1.6543,NQC,1.6552,2.2985,1.6243,1.6512
BIOSYSTEMS TECHNOLOGY (BST),University of Sri Jayewardenepura,1.935,1.8915,1.8943,2.0212,1.9352,2.0122,1.9062,1.9476,1.9303,2.0881,NQC,NQC,NQC,NQC,2.0765,1.8957,1.9967,2.8457,2.0403,1.9157,1.9195,1.9126,2.0695,1.9288,1.9088
BIOSYSTEMS TECHNOLOGY (BST),University of Jaffna,0.8181,0.8056,0.8846,1.1028,0.9489,0.8727,1.002,NQC,1.0592,0.8051,NQC,NQC,NQC,0.8241,0.9341,0.873,0.9533,0.8061,1.015,0.9981,0.8136,1.1218,0.9894,NQC,0.9367
BIOSYSTEMS TECHNOLOGY (BST),University of Ruhuna,1.4331,1.4198,1.4293,NQC,1.4457,1.4823,1.4506,1.4648,1.5426,NQC,NQC,1.4963,NQC,NQC,1.5564,NQC,1.4465,NQC,1.4225,1.4193,NQC,1.4861,1.4434,1.4191,1.4192
BIOSYSTEMS TECHNOLOGY (BST),"Eastern University, Sri Lanka",0.4505,0.674,0.93,NQC,1.0142,0.8509,0.7175,NQC,1.0748,0.4389,0.0815,0.6483,0.1977,0.5622,0.6076,0.9926,1.3297,0.7654,1.0276,1.0094,0.7598,1.1276,0.8823,NQC,0.9579
BIOSYSTEMS TECHNOLOGY (BST),South Eastern University of Sri Lanka,0.4282,0.6711,0.9123,NQC,0.9851,0.8014,0.6873,NQC,NQC,0.4207,0.5054,0.6748,NQC,0.4994,0.6722,1.1852,0.9778,0.8261,1.0485,NQC,0.6787,1.1268,0.9414,NQC,0.9593
BIOSYSTEMS TECHNOLOGY (BST),Rajarata University of Sri Lanka,1.1045,1.1069,1.1074,1.1011,1.1036,1.2979,1.1071,1.3619,1.1025,1.3054,NQC,NQC,NQC,NQC,1.2816,1.1164,NQC,1.1188,1.1157,1.1094,NQC,1.1227,1.1224,1.1227,1.1143
BIOSYSTEMS TECHNOLOGY (BST),Sabaragamuwa University of Sri Lanka,1.202,1.2185,1.2119,1.3209,1.1942,1.194,1.2103,1.1956,1.1885,NQC,NQC,1.2247,NQC,NQC,NQC,1.6174,1.247,1.1945,1.1883,1.1997,1.3367,1.1894,1.213,1.1895,1.2063
BIOSYSTEMS TECHNOLOGY (BST),Wayamba University of Sri Lanka,1.3115,1.2845,1.3059,1.3021,1.35,1.5024,1.3731,1.2998,1.2959,NQC,1.3952,1.3073,NQC,NQC,1.4643,1.4707,1.3013,1.2947,1.3399,1.2827,1.5222,1.2904,1.2984,1.3118,1.3437
BIOSYSTEMS TECHNOLOGY (BST),Uva Wellassa University of Sri Lanka,1.1466,1.1423,1.1392,1.4005,1.1435,1.1323,1.2831,1.192,1.1367,1.4436,NQC,NQC,NQC,1.1446,NQC,1.1487,1.1408,NQC,1.1463,1.1522,1.2411,1.1403,1.1313,1.1638,1.1338
INFORMATION COMMUNICATION TECHNOLOGY,University of Colombo,2.0302,2.0519,2.0287,2.0708,2.0953,2.0682,2.0443,2.0278,2.0748,2.0449,NQC,NQC,NQC,NQC,2.1626,2.2895,2.0736,2.2166,2.066,2.041,2.0605,2.0492,2.042,NQC,2.0827
INFORMATION COMMUNICATION TECHNOLOGY,University of Sri Jayewardenepura,2.2594,2.2575,2.2523,2.2375,2.2748,2.249,2.233,2.2341,2.3179,2.2743,NQC,NQC,NQC,NQC,2.2778,2.2707,2.4197,2.2483,2.3076,2.3644,3.1166,2.2533,2.2375,2.2542,2.335
INFORMATION COMMUNICATION TECHNOLOGY,University of Kelaniya,1.9023,1.9146,1.9073,1.9106,1.9205,2.0037,1.9038,1.9567,1.9451,1.9039,NQC,NQC,NQC,NQC,1.9857,1.9048,2.0068,1.9019,1.9087,1.9023,1.9857,1.9184,1.994,1.9378,1.9812
INFORMATION COMMUNICATION TECHNOLOGY,University of Ruhuna,1.6931,1.6873,1.6794,1.6922,1.7525,1.7607,1.674,1.6745,1.6927,NQC,NQC,NQC,NQC,NQC,NQC,1.6993,1.8338,NQC,1.7529,1.676,NQC,1.6766,NQC,1.7883,1.6966
INFORMATION COMMUNICATION TECHNOLOGY,South Eastern University of Sri Lanka,1.0585,1.1511,1.2266,1.3633,1.0538,1.1672,1.4967,NQC,1.3243,1.0821,1.0748,NQC,NQC,1.259,1.6671,NQC,1.0832,1.0772,1.3026,1.1131,1.1115,1.1762,1.1086,1.2169,1.0523
INFORMATION COMMUNICATION TECHNOLOGY,Rajarata University of Sri Lanka,1.4153,1.3908,1.382,1.3976,1.4247,1.3969,1.4452,1.532,1.3884,1.3859,1.5104,NQC,NQC,NQC,NQC,1.3815,1.381,1.3821,1.3785,1.4027,NQC,1.3785,1.5211,1.3879,1.4266
INFORMATION COMMUNICATION TECHNOLOGY,"University of Vavuniya, Sri Lanka",0.9974,1.0193,1.4977,NQC,0.9404,0.8619,NQC,NQC,1.3141,0.8547,0.8913,0.5081,0.2412,0.1369,0.7518,1.3603,0.8812,0.8199,1.3026,1.0335,0.669,1.2276,0.7886,1.2555,1.0482
INFORMATION COMMUNICATION TECHNOLOGY,Uva Wellassa University of Sri Lanka,1.5338,1.5746,1.5374,1.5794,1.5392,1.6373,1.548,1.554,1.5584,1.8565,NQC,NQC,NQC,NQC,1.7729,1.5967,1.6034,1.6217,1.5324,1.5535,1.8568,1.5882,1.5603,1.5584,1.5407
PHYSICAL SCIENCE -ICT,University of Sri Jayewardenepura,0.9679,0.9607,0.9734,1.2561,1.0196,NQC,0.9758,0.9772,0.962,0.9819,NQC,NQC,NQC,NQC,NQC,0.9607,NQC,1.3494,0.9763,0.9904,NQC,NQC,NQC,1.039,0.9947
PHYSICAL SCIENCE -ICT,University of Kelaniya,0.8942,0.8843,0.9089,0.4549,0.6295,0.4319,0.9235,1.3015,0.7725,0.9422,-0.0832,NQC,-0.2476,0.4188,0.5883,0.5258,-0.0818,0.198,0.881,0.6726,0.2815,0.5365,0.8387,0.7501,0.6155
TRANSLATION STUDIES #,University of Kelaniya,1.3257,1.3795,1.2803,1.3401,1.2902,NQC,1.3169,1.3136,1.2827,NQC,NQC,NQC,NQC,NQC,NQC,NQC,NQC,NQC,NQC,1.3924,NQC,1.3606,NQC,NQC,NQC
TRANSLATION STUDIES #,University of Jaffna,0.3594,NQC,0.5809,NQC,0.6802,0.7378,NQC,0.2825,NQC,0.926,0.6382,0.8658,0.9694,0.9181,0.1045,0.9021,0.5429,0.891,0.317,-0.3788,NQC,0.308,NQC,0.6421,0.5192
TRANSLATION STUDIES #,"Eastern University, Sri Lanka",0.6717,0.924,0.7276,0.6232,0.7095,1.3782,0.8917,NQC,NQC,NQC,NQC,NQC,NQC,NQC,0.757,0.8875,0.585,1.2304,0.7734,0.6794,NQC,1.2677,NQC,0.6656,NQC
TRANSLATION STUDIES #,Sabaragamuwa University of Sri Lanka,1.1138,0.8462,1.0886,0.9007,0.9852,NQC,1.1879,1.1603,1.0815,NQC,NQC,NQC,NQC,NQC,NQC,NQC,NQC,0.7059,0.6582,1.0974,0.9177,1.0347,NQC,0.9974,1.0633
FILM & TELEVISION STUDIES #,University of Kelaniya,1.0316,0.8714,1.0585,NQC,0.7936,0.515,1.1485,1.1187,1.199,NQC,NQC,NQC,NQC,NQC,NQC,NQC,0.7682,0.6505,1.0794,0.9846,1.4126,1.125,1.055,1.209,1.0389
PROJECT MANAGEMENT,"University of Vavuniya, Sri Lanka",1.3184,1.304,1.3114,1.4221,1.3343,1.394,1.3229,1.3183,1.317,1.4395,1.2347,1.2516,1.1682,1.4837,1.483,1.4334,1.4135,1.4858,1.425,1.3737,1.4168,1.3095,1.432,1.4662,1.348
TEACHING ENGLISH AS A SECOND LANGUAGE (TESL) *,University of Sri Jayewardenepura,1.0633,1.0633,1.0633,1.0633,1.0633,1.0633,1.0633,1.0633,1.0633,1.0633,1.0633,1.0633,1.0633,1.0633,1.0633,1.0633,1.0633,1.0633,1.0633,1.0633,1.0633,1.0633,1.0633,1.0633,1.0633
TEACHING ENGLISH AS A SECOND LANGUAGE (TESL) *,University of Kelaniya,1.0999,1.0999,1.0999,1.0999,1.0999,1.0999,1.0999,1.0999,1.0999,1.0999,1.0999,1.0999,1.0999,1.0999,1.0999,1.0999,1.0999,1.0999,1.0999,1.0999,1.0999,1.0999,1.0999,1.0999,1.0999
VISUAL ARTS #,University of the Visual & Performing Arts,0.8758,0.602,0.9569,1.2767,0.9707,0.7268,0.1914,1.2467,1.1013,NQC,NQC,NQC,NQC,NQC,1.1231,NQC,0.463,0.6723,1.0532,0.9405,1.0939,0.5424,1.1041,1.0478,0.9832
MUSIC #,University of Sri Jayewardenepura,0.7807,-0.0905,0.3424,0.5595,0.0659,0.6688,1.766,0.858,0.9397,NQC,NQC,NQC,NQC,NQC,NQC,NQC,1.2128,NQC,0.9007,0.9304,0.5276,1.0123,0.5185,0.8921,0.7336
MUSIC #,University of the Visual & Performing Arts,0.2977,0.2155,0.5951,0.9793,0.8065,0.3023,0.9002,0.8851,0.4056,-0.2374,NQC,NQC,NQC,1.4451,0.6958,-0.2295,0.3449,0.4423,0.8633,0.8027,0.8736,0.7726,0.7226,0.9599,0.8004
DANCE #,University of the Visual & Performing Arts,0.7756,0.8958,0.9194,0.9385,0.9312,-0.1693,1.0293,1.0088,0.6664,NQC,NQC,NQC,NQC,1.105,0.8009,NQC,0.6324,0.0388,0.9299,0.971,0.7846,0.6111,0.9871,1.032,0.6529
DRAMA & THEATRE #,University of the Visual & Performing Arts,0.9184,0.7873,0.4765,1.0223,0.5006,0.394,0.3861,0.9872,NQC,NQC,NQC,NQC,NQC,NQC,0.7855,NQC,0.4125,0.9381,1.0478,0.9686,0.8736,1.0374,1.0565,1.0519,0.7332
ART & DESIGN #,University of Jaffna,NQC,1.2643,NQC,0.5481,NQC,-0.2382,1.3809,0.7901,NQC,0.375,-0.0806,0.705,0.5589,0.9317,0.3538,-0.2254,0.317,0.4301,NQC,-0.04,NQC,0.0831,0.2499,0.2188,0.4776
MUSIC #,University of Jaffna,0.0672,NQC,0.4778,0.274,0.1218,0.4185,NQC,-0.0609,NQC,0.5709,0.3848,0.569,0.6667,0.4882,-0.2208,0.5115,-0.8079,0.7703,NQC,NQC,NQC,-0.3555,0.418,0.8706,NQC
DANCE #,University of Jaffna,0.0655,-0.4526,-0.5592,0.4399,-0.0591,0.1365,NQC,NQC,NQC,0.4859,0.3409,0.1749,0.4024,0.4496,-0.0199,0.4023,-0.2764,-0.4137,NQC,NQC,NQC,0.2607,NQC,0.9244,-0.1878
VISUAL & TECHNOLOGICAL ARTS #,Swami Vipulananda Institute of Aesthetic Studies,NQC,NQC,-0.4372,0.467,-0.0373,0.2056,NQC,-0.1418,-0.0806,0.2134,0.9594,0.4944,0.4468,NQC,0.34,0.6957,0.5714,0.2398,0.345,0.1912,-0.2883,0.1355,0.0474,-0.5133,0.1522
MUSIC #,Swami Vipulananda Institute of Aesthetic Studies,NQC,NQC,0.6484,-0.2345,-0.5822,0.5513,-0.9468,0.238,NQC,0.566,0.5767,0.564,0.6064,-0.0913,0.5759,0.7486,0.0929,NQC,NQC,NQC,0.1868,-0.1891,NQC,0.5523,-0.0469
DANCE #,Swami Vipulananda Institute of Aesthetic Studies,0.2439,NQC,0.7635,-0.1395,-0.6296,0.0173,NQC,NQC,NQC,0.406,0.4378,0.5766,0.3287,-0.3866,0.9836,0.471,-0.1534,NQC,NQC,NQC,NQC,-0.2628,NQC,NQC,NQC
DRAMA & THEATRE #,Swami Vipulananda Institute of Aesthetic Studies,-0.3643,NQC,0.0772,0.4405,-0.1319,0.3666,NQC,NQC,NQC,0.9743,1.0107,0.8425,0.9723,0.3932,0.9159,0.9995,0.786,0.4275,0.0571,NQC,-0.9508,-0.0167,NQC,0.7294,0.4033
