,Colombo,Gampaha,Kalutara,Matale,Kandy,Nuwara Eliya,Galle,Matara,Hambantota,Jaffna,Kilinochchi,Mannar,Mullaitivu,Vavuniya,Trincomalee,Batticaloa,Ampara,Puttalam,Kurunegala,Anuradhapura,Polonnaruwa,Badulla,Monaragala,Kegalle,Ratnapura
Medicine - University of Colombo,2.4029999999999996,2.4233499999999997,2.42905,1.8779617848198804,2.479975,2.255559567901235,2.4235,2.414325,2.420075,2.4288749999999997,1.3811598536268974,1.0792751642130975,1.3657488325242717,2.464175,2.1025842281879195,2.437175,2.417275,2.4434500000000003,2.4333,2.1588768361581923,2.167117700729927,2.497225,1.8860439141659806,2.1863987903225808,2.41095
Medicine - University of Peradeniya,2.237475,2.2374,2.2445250000000003,2.273975,2.252175,2.2853,2.243675,2.244925,2.025205316091954,2.2501499999999997,1.3661557830826734,1.0792751642130975,1.6025086526997105,1.9810872180451127,1.7265858848144258,2.0119064102564104,2.2809749999999998,2.33495,2.23815,2.2687250000000003,2.2883750000000003,1.990467297979798,1.9840157534246579,2.24755,2.2459
Medicine - University of Sri Jayewardenepura,2.1722,2.220225,2.189,1.7185498304646882,2.179425,1.143805020662506,2.1796,2.179525,1.967080316091954,2.1986499999999998,1.8977658898305085,1.0792751642130975,0.9765769026997104,1.9183682608695651,1.6694842281879194,2.2276,2.1839500000000003,2.212475,2.17775,1.717476267976374,1.9603677007299272,2.203925,1.4739096675906382,1.9626487903225807,2.190975
Medicine - University of Kelaniya,2.0928500000000003,2.094125,2.100525,1.8879449421965318,2.09435,1.3833954527612713,1.9156248633879782,2.096375,2.1067,1.2998028631997154,1.0624880646360715,1.3281293677529207,0.9765769026997104,1.374807078914678,1.8674,1.8802612275449102,2.10755,2.14135,2.094325,2.1164,1.877696551724138,1.8790422979797978,1.6685446596746576,2.098725,2.100925
Medicine - University of Jaffna,1.966075,1.8155000000000001,1.576716367464539,1.6203199421965317,1.8880499999999998,1.7769249999999999,1.5319713874605907,1.3579034953031623,1.737330316091954,1.886175,1.8630999999999998,1.5753462719298246,1.87935,1.8563,1.7667,1.845775,1.8217249999999998,1.770775,1.72557118226601,1.8084,1.8405,1.76675,1.5012696596746575,1.5828643488332188,1.8480500000000002
Medicine - University of Ruhuna,2.0154,2.01815,2.02285,1.8161699421965318,2.0226249999999997,1.5756625115848006,2.015975,2.0176,2.035225,1.2998028631997154,1.0624880646360715,1.8223957964601771,0.9765769026997104,1.333115944030957,2.043625,1.6280426378013204,1.7986756868131866,2.042875,2.024,2.0289,1.5858662183908045,2.028375,1.8162407534246576,2.03355,2.0161
Medicine - University of Moratuwa,1.9562249999999999,1.90585,1.7734557291666666,1.4634004211835168,1.9251749999999999,1.5289406334841629,1.92985,1.982925,1.788105316091954,1.8272985937500001,1.0624880646360715,1.0792751642130975,0.9765769026997104,1.7243432608695652,1.7303250000000001,1.7450995508982037,1.92265,1.6064159049289217,1.7719461822660099,1.6023475746753246,1.5785820204741379,1.4417693189506606,1.4032228204159807,1.7887487903225807,1.93655
"Medicine - Eastern University, Sri Lanka",1.6222969668246447,1.3848576170584348,1.4468321366953083,1.3570317270164123,1.2823294546488613,1.45,1.3493939810434785,1.3579034953031623,1.6054654855834793,1.2998028631997154,1.454782281553398,1.6405094594594596,1.2130735701754385,1.339690944030957,1.5975092281879197,1.834125,1.759625,1.447668694938032,1.322772965787262,1.5528750000000002,1.4736715517241379,1.3756943189506605,1.4589907534246576,1.4584267847306547,1.2811615287726406
Medicine - Rajarata University of Sri Lanka,1.967125,1.912125,1.931825,1.928675,1.9131999999999998,1.9396499999999999,1.969925,1.6601934368978803,1.9313,1.2998028631997154,1.0624880646360715,1.0792751642130975,0.9765769026997104,1.340840944030957,1.5168842281879198,1.5611176378013205,1.924225,1.9136,1.9061,1.7198018361581924,1.7298965517241378,1.9056250000000001,1.7478657534246576,1.9064750000000001,1.911025
Medicine - Sabaragamuwa University of Sri Lanka,1.7897869668246447,1.776675,1.7162057291666666,1.5166117848198806,1.7362215174129352,1.431337760453579,1.792120142857143,1.8064229166666668,1.8512,1.2998028631997154,1.0624880646360715,1.2277043677529207,0.9765769026997104,1.139542544030957,1.3585191126625267,1.2587287384071264,1.773425,1.4857159049289217,1.6204570959715936,1.627549431818182,1.6126446666666667,1.755,1.796425,1.5791143488332189,1.8248
Medicine - Wayamba University of Sri Lanka,1.7927369668246445,1.7816,1.7302557291666667,1.7786250000000001,1.8847,1.7071250000000002,1.639826244603448,1.6728247348484848,1.3266004151204367,1.2998028631997154,1.0624880646360715,1.2629793677529206,0.9765769026997104,1.3044053259858441,1.5774842281879193,1.4028223281507162,1.6457506868131868,1.730175,1.88585,1.6811,1.703875,1.72515,1.64135,1.7534155585106381,1.4143273664689757
Dental Surgery - University of Peradeniya,1.902425,1.752,1.861025,1.73355,1.852525,1.270015633484163,1.9019000000000001,1.9042750000000002,1.816325,1.86005,1.4557282110091743,1.745625,1.2141008201754386,1.6169516,1.6636250000000001,1.780875,1.740075,1.6787,1.85575,1.539075,1.5929,1.67635,1.5719500000000002,1.8604000000000003,1.80625
Veterinary Science - University of Peradeniya,1.7802,1.71905,1.797075,1.6774499999999999,1.81425,1.369325,1.8218999999999999,1.79865,1.760625,1.78485,1.50065,1.6475,1.3972250000000002,1.703025,1.5957500000000002,1.71345,1.681925,1.617175,1.814925,1.48805,1.491875,1.6363750000000001,1.49865,1.805175,1.775625
Molecular Biology & Biochemistry - University of Colombo,1.4506705568678697,1.417083581785598,1.4657912173112502,1.3581754211835169,1.4292485861042603,1.2043502013853975,1.4789941176555004,1.4966055786364958,1.4183450990284827,1.439041098493833,1.084722174805563,1.261728892283273,0.9120463201754385,1.2480053259858441,1.3337098844746074,1.3437175108622164,1.324675481723153,1.350228162926584,1.474376783521252,1.2996395058922559,1.2664478361465936,1.3654438178458626,1.2541478204159806,1.476139244408074,1.4234748866157778
Agricultural Technology & Management - University of Peradeniya,1.3278249999999998,1.3804,1.3814250000000001,1.3741750000000001,1.5112999999999999,1.265325,1.48095,1.523375,1.44305,1.4374999999999998,1.108075,1.3403,0.9771500000000001,1.16425,1.1667750000000001,1.373875,1.313325,1.326975,1.47835,1.354225,1.23395,1.44675,1.27165,1.463,1.41545
Agriculture - University of Jaffna,0.67915,0.638,0.7947,0.807725,0.9248000000000001,0.6125750000000001,0.8475999999999999,1.0358229166666666,1.082880316091954,0.791975,0.6677,0.713375,0.5481750000000001,0.560025,0.5631999999999999,0.6629,0.73275,0.6011000000000001,0.8185,0.5651,0.5740999999999999,0.6732750000000001,0.6801,0.84105,0.667125
"Agriculture - Eastern University, Sri Lanka",0.6803250000000001,0.5948,0.9361557291666667,0.8919136363636364,0.846575,0.608725,0.871125,0.8867229166666666,0.945998087431694,0.9505735937500001,0.6548158898305085,0.761469908293461,0.50705,0.6610372180451127,0.61665,0.6605,0.74125,0.570625,0.8797999999999999,0.579075,0.435225,0.7963922979797979,0.7161657534246575,0.9581737903225807,0.632825
Agriculture - Rajarata University of Sri Lanka,0.7361,0.732175,0.764675,0.773475,0.7953999999999999,0.76675,0.756425,0.7658750000000001,0.774,0.9333617647058824,0.9539191008396828,1.0856920683900015,0.9765769026997104,1.008032078914678,1.2052941126625267,0.9846495508982036,0.75635,0.7678750000000001,0.8005500000000001,0.7406000000000001,0.954364252454065,0.749025,0.8152657534246576,0.8117000000000001,0.7465499999999999
Agriculture - Sabaragamuwa University of Sri Lanka,0.85765,0.870525,0.856125,1.011426838748256,0.8734500000000001,1.0289125115848008,0.8631500000000001,0.8656250000000001,0.8583750000000001,1.0961353584558824,1.0624880646360715,0.9870043677529204,0.9765769026997104,1.063782078914678,1.2052941126625267,1.1361291875089228,1.1275304981452783,1.0286146408839778,0.8674,0.9375268361581922,1.1082839191207317,0.880925,0.9352907534246575,0.860525,0.858725
Agriculture - Wayamba University of Sri Lanka,0.7697,0.769325,0.7749250000000001,0.8626449421965318,0.789975,0.854325,0.771625,0.8840479166666666,1.0125904855834795,0.864325,1.0624880646360715,1.0203793677529205,0.8795488325242719,1.139542544030957,1.0688608848144256,0.9527564102564103,0.790125,0.8012999999999999,0.79825,0.8508268361581921,1.060399721204065,0.8054749999999999,0.8484907534246575,0.812225,0.8474866421568628
Food Science & Nutrition - Wayamba University of Sri Lanka,1.2259,1.270725,1.309125,1.2243,1.3,1.1057000000000001,1.322025,1.333175,1.29305,1.337525,0.63585,1.1744,0.824775,1.1387999999999998,1.18875,1.31155,1.3057750000000001,1.262625,1.3146499999999999,1.1784,1.1908,1.2524000000000002,1.13,1.361225,1.2851
Food Science & Technology - University of Peradeniya,1.6481,1.6403750000000001,1.5550557291666667,1.3432154751118923,1.7047750000000002,1.143805020662506,1.653375,1.6872,1.542730316091954,1.6691000000000003,1.0624880646360715,1.0792751642130975,0.9765769026997104,1.139542544030957,1.2052941126625267,1.2587287384071264,1.2448011685363396,1.238642803810562,1.665425,1.234866342050448,1.2040943878707315,1.2655361158256606,1.3162606235300793,1.663125,1.5295866421568627
Food Science & Technology - University of Sri Jayewardenepura,1.591025,1.57885,1.5877,1.3389654751118922,1.4220523859575362,1.143805020662506,1.6182249999999998,1.589775,1.498255316091954,1.62155,1.0624880646360715,1.0792751642130975,0.9765769026997104,1.139542544030957,1.2858424560360207,1.2587287384071264,1.2448011685363396,1.3071199589829758,1.593825,1.234866342050448,1.2040943878707315,1.2655361158256606,1.3002606235300793,1.61945,1.5039366421568627
Food Science & Technology - Sabaragamuwa University of Sri Lanka,1.3688784642865737,1.42865,1.427441367464539,1.25445,1.316975,1.0894249999999999,1.437476244603448,1.3721016771213441,1.4018970115967886,1.4389133870967743,0.8118000000000001,1.13495,0.8419750000000001,1.0815,1.03125,1.130675,1.2574999999999998,1.173125,1.42405,1.1765750000000001,1.057925,1.2681749999999998,1.25135,1.4172487903225806,1.334675
Biological Science - University of Colombo,1.65225,1.663875,1.719,1.3729404751118923,1.6637499999999998,1.143805020662506,1.6591250000000002,1.6632,1.5693053160919541,1.71895,1.0624880646360715,1.0792751642130975,0.9765769026997104,1.139542544030957,1.2052941126625267,1.381722328150716,1.3403054981452782,1.4380659049289217,1.679425,1.234866342050448,1.2040943878707315,1.5064498896028344,1.2377135738406382,1.685975,1.6582749999999997
Biological Science - University of Peradeniya,1.4654850000000001,1.4547770161290323,1.4755148097826087,1.4746636363636365,1.455368652849741,1.143805020662506,1.4748201428571428,1.499426818181818,1.4256171581972172,1.4576383870967744,1.0624880646360715,1.0792751642130975,0.9765769026997104,1.220282078914678,1.2052941126625267,1.313142188699524,1.372596357204248,1.3664124857115643,1.466256048387097,1.234866342050448,1.2040943878707315,1.4616694293478258,1.3197226099852166,1.46803625,1.457459162303665
Biological Science - University of Sri Jayewardenepura,1.391675,1.3985500000000002,1.396525,1.3465949421965318,1.3973,1.143805020662506,1.3975,1.3957,1.402275,1.4057,1.0624880646360715,1.0792751642130975,0.9765769026997104,1.1935570789146779,1.2917342281879196,1.3334426378013204,1.3504506868131867,1.43065,1.401775,1.338101836158192,1.2508089191207317,1.3975999999999997,1.2799606235300793,1.4034499999999999,1.4200750000000002
Biological Science - University of Kelaniya,1.317475,1.318725,1.3215,1.299119942196532,1.320125,1.2328375115848007,1.3198750000000001,1.32225,1.38155,1.3018103584558824,1.0624880646360715,1.0792751642130975,0.9765769026997104,1.1922054789146779,1.2239674560360208,1.2819362275449102,1.2482978778244227,1.341425,1.3276000000000001,1.2741768361581922,1.2350516871408044,1.293442297979798,1.2749317172800794,1.32865,1.32155
Biological Science - University of Jaffna,1.1815,0.9931749999999999,1.248446498397436,1.0140500000000001,1.183425,0.972725,1.2766450062451211,1.331035058405282,1.1624082569232195,1.1076249999999999,1.0714366822429906,1.0759765278494613,0.9746555825242719,1.084830478914678,1.1319592281879194,0.9875750000000001,0.988475,0.95415,1.120075,0.9486749999999999,1.012121551724138,0.99485,1.0510407534246575,1.1846237903225805,1.0175
Biological Science - University of Ruhuna,1.2123750000000002,1.18595,1.2150500000000002,1.170919942196532,1.21305,1.1755298192771082,1.2170999999999998,1.2139,1.21645,1.2998028631997154,1.0624880646360715,1.0792751642130975,0.9765769026997104,1.139542544030957,1.2052941126625267,1.210954187508923,1.1820728778244227,1.20045,1.189175,1.1981768361581921,1.248042700729927,1.21045,1.1799157534246576,1.19265,1.191225
"Biological Science - Eastern University, Sri Lanka",1.290907523692514,1.1915875372278713,1.3152305790133778,1.1482185246317929,1.2823294546488613,1.0029925090777052,1.3493939810434785,1.3192555786364957,1.1677599295369574,1.2998028631997154,1.088297174805563,0.9998802559196366,0.9488291526997104,1.0875492831613918,1.0770598844746073,1.049636100605806,1.065778290711917,1.0414768988816403,1.2656620520816781,1.022915074074074,1.0332551354166666,1.103536226222826,1.0771939141659805,1.266673685897436,1.1595079218074664
Biological Science - South Eastern University of Sri Lanka,1.1851784642865733,0.8967499999999999,1.2431805790133779,1.0898318965517242,1.256152068691325,0.542125,1.3493939810434785,1.3579034953031623,1.013080316091954,1.2998028631997154,0.48375,0.42552499999999993,0.6356455000000001,0.41245,0.581275,0.646575,0.853575,0.6833,1.322772965787262,0.60945,0.5299750000000001,0.8324,0.5673,1.2637224762200165,0.8560866421568627
Applied Sciences (Bio.Sc) - Rajarata University of Sri Lanka,0.954425,0.9513999999999999,0.95885,0.9838199421965318,0.9819749999999999,1.0337326923076924,0.97325,0.969025,1.013180316091954,1.0286367647058823,1.0624880646360715,1.0792751642130975,0.9765769026997104,1.139542544030957,1.1272924560360207,1.0919064102564102,1.0726206703910615,0.9431,0.95015,0.9841768361581921,1.131374721204065,0.949475,1.0578696596746575,0.9859500000000001,0.943125
Applied Sciences (Bio.Sc) - Sabaragamuwa University of Sri Lanka,1.015325,1.030025,1.0246,1.2062867848198806,1.030575,1.143805020662506,1.018375,1.045925,1.0789303160919541,1.228264476102941,1.0624880646360715,1.0792751642130975,0.9765769026997104,1.139542544030957,1.2052941126625267,1.2587287384071264,1.1230478778244226,1.238642803810562,1.052425,1.1777931991933053,1.2040943878707315,1.082525,1.1929846675906384,1.0419,1.03375
Applied Sciences (Bio.Sc) - University of Jaffna - Vavuniya Campus,1.2426455568678696,1.2004085817855978,1.3185719464779169,1.1450504211835169,1.2823294546488613,1.0232752013853976,1.3493939810434785,1.3579034953031623,1.2357700990284828,1.182191098493833,0.898697174805563,0.9872288922832729,0.7699963201754386,1.0529803259858441,1.0479848844746074,1.1281425108622163,1.1593254817231529,1.104803162926584,1.234026783521252,1.099989505892256,1.0225978361465937,1.1813188178458627,1.0837478204159807,1.3225630347306547,1.2811615287726406
Engineering - University of Peradeniya,1.95995,1.9623249999999999,1.9666750000000002,1.7824699421965318,1.96415,1.9945,1.96345,1.962325,1.981875,1.9627499999999998,1.5638731713839067,1.5590170683900015,1.4862510825242716,1.9997,1.783825,1.9690749999999997,1.9995249999999998,1.98385,1.96225,1.9657499999999999,1.7685465517241379,1.9949,1.9868999999999999,1.9681250000000001,1.9657499999999999
Engineering - University of Sri Jayewardenepura,1.8361750000000001,1.8273,1.8474249999999999,1.3914384668283246,1.83615,1.529764387178343,1.8491,1.7147979166666667,1.842625,1.8485999999999998,1.0624880646360715,1.0792751642130975,0.9765769026997104,1.6500872180451127,1.6908842281879197,1.6847862275449101,1.5737032907119168,1.6857896408839779,1.84105,1.8695499999999998,1.368424721204065,1.609284094854798,1.4277726099852166,1.5976143488332188,1.7259621173469386
Engineering - University of Jaffna,1.290907523692514,1.5186,1.5037055790133782,1.48365,1.5160584158415842,1.4490500000000002,1.3493939810434785,1.3579034953031623,1.3266004151204367,1.7432633870967742,1.53715,1.4932249999999998,1.142378332524272,1.5394999999999999,1.4475500000000001,1.48725,1.528225,1.4183,1.322772965787262,1.4345750000000002,1.5240500000000001,1.58575,1.4781749999999998,1.4171392444080742,1.4071366421568625
Engineering - University of Ruhuna,1.7843499999999999,1.702175,1.71165,1.7563000000000002,1.7114249999999998,1.7523499999999999,1.8148,1.8377249999999998,1.7508,1.5678925047438328,1.746825,1.6388986363636364,1.75,1.7287249999999998,1.715725,1.7174749999999999,1.71265,1.72295,1.7415,1.72815,1.7306249999999999,1.7089750000000001,1.7191,1.735475,1.71075
Engineering - University of Moratuwa,2.113525,2.1203250000000002,2.12755,1.923294942196532,2.1202500000000004,2.1626000000000003,2.113725,2.1254750000000002,2.13165,2.1234,2.29985,2.211175,2.1397205,2.185275,2.164825,2.125075,2.199875,2.1434,2.1160499999999995,2.130025,2.2860249999999995,2.121975,2.309,2.1300749999999997,2.1284250000000005
Engineering - South Eastern University of Sri Lanka,1.290907523692514,1.404061485826002,1.506230579013378,1.2185567270164124,1.540108415841584,1.037125,1.3493939810434785,1.3579034953031623,1.4053950990284827,1.2998028631997154,1.2601148932521649,1.201375,1.10855,1.1735226831613919,1.2919749999999999,1.3729679599640126,1.5481,1.27435,1.322772965787262,1.3166475746753246,1.033575,1.430911226222826,1.30785,1.3994892444080742,1.4034116421568628
Engineering (Em) - University of Moratuwa,1.676025,1.565825,1.64785,1.53185,1.654125,1.340025,1.6538749999999998,1.6782000000000001,1.6648999999999998,1.6125,1.3859749999999997,1.1932,1.0584500000000001,1.251875,1.336975,1.44115,1.491425,1.39215,1.679725,1.38435,1.12155,1.62745,1.5167000000000002,1.6516250000000001,1.571175
Engineering (Tm) - University of Moratuwa,1.6533499999999999,1.6022249999999998,1.668675,1.441975,1.6167250000000002,1.2462499999999999,1.66185,1.673875,1.64435,1.588025,1.3797000000000001,0.9715250000000001,0.88225,1.236325,1.2745,1.4337250000000001,1.450175,1.452275,1.664225,1.436875,1.21685,1.627125,1.4843750000000002,1.6538,1.6188
Quantity Surveying - University of Moratuwa,1.54565,1.497175,1.533225,1.318825,1.4624499999999998,1.18615,1.53975,1.56595,1.5465749999999998,1.5482,1.3489499999999999,1.022875,0.898725,1.313625,1.21875,1.396775,1.420725,1.280725,1.5547000000000002,1.3275000000000001,1.0235750000000001,1.510175,1.2741500000000001,1.5573000000000001,1.46395
Computer Science - University of Kelaniya,1.5817,1.592525,1.5873500000000003,1.2535453633800486,1.591125,1.143805020662506,1.5901750000000003,1.5842,1.58595,1.53217359375,1.0624880646360715,1.0792751642130975,0.9765769026997104,1.139542544030957,1.2819108848144256,1.2587287384071264,1.2448011685363396,1.3435165397656181,1.59015,1.234866342050448,1.2040943878707315,1.3495693189506606,1.2377135738406382,1.460489348833219,1.5282121173469387
Computer Science - University of Jaffna,1.31515,1.2143249999999999,1.3355455389492754,1.2322199421965319,1.210025,1.1658223283548137,1.3493939810434785,1.3579034953031623,1.3266004151204367,1.486175,1.1448158898305087,1.0792751642130975,0.9765769026997104,1.2129287259858443,1.2194842281879197,1.204275,1.1980250000000001,1.20275,1.2885211822660099,1.194475,1.2040943878707315,1.258175,1.2070606235300791,1.278925,1.2319749999999998
Computer Science - University of Ruhuna,1.41875,1.4296,1.451675,1.2945654751118922,1.451725,1.143805020662506,1.4661999999999997,1.5149000000000001,1.49935,1.4077367647058823,1.0624880646360715,1.0792751642130975,0.9765769026997104,1.139542544030957,1.2052941126625267,1.295692188699524,1.2801435482154842,1.238642803810562,1.430975,1.2755431991933053,1.2040943878707315,1.390017297979798,1.2377135738406382,1.4317,1.4473250000000002
Computer Science - University of Colombo School of Computing,1.65535,1.6858499999999998,1.6713,1.5126998304646881,1.6727,1.7073298192771083,1.658475,1.6584999999999999,1.6630500000000001,1.67425,1.0624880646360715,1.0792751642130975,0.9765769026997104,1.313065944030957,1.2052941126625267,1.7485176378013205,1.2448011685363396,1.673151264044944,1.657475,1.6390437673751235,1.327099721204065,1.75955,1.3448606235300793,1.6703999999999999,1.68365
Computer Science - Eastern University - Trincomalee Campus,1.30021,1.10455,1.3307205389492753,0.9001250000000001,1.0580334158415843,0.6654,1.3493939810434785,1.3579034953031623,1.3266004151204367,1.3367042694497153,1.02505,0.56315,0.5426,0.7390872180451128,0.7766249999999999,1.095675,1.022825,0.789125,1.3124370520816782,1.0025,0.655575,1.2264,0.8472249999999999,1.3063974762200166,1.09565
Physical Science - University of Colombo,1.381975,1.386775,1.384625,1.366708578560168,1.386225,1.143805020662506,1.380675,1.3881999999999999,1.4273,1.38779859375,1.0624880646360715,1.0792751642130975,0.9765769026997104,1.139542544030957,1.2264858848144256,1.5696429599640127,1.4730576203208554,1.4964896408839778,1.3964249999999998,1.305501267976374,1.4894747212040649,1.6367500000000001,1.2377135738406382,1.398475,1.4118249999999999
Physical Science - University of Peradeniya,1.2830750000000002,1.2831,1.282975,1.2488949421965319,1.282225,1.2639377604535789,1.286525,1.2848,1.2905000000000002,1.298475,1.0624880646360715,1.0792751642130975,0.9765769026997104,1.139542544030957,1.2052941126625267,1.2578421886995241,1.3035178614022973,1.2270159049289218,1.287,1.2423768361581922,1.2076089191207315,1.290875,1.2306856235300792,1.2902250000000002,1.2863
Physical Science - University of Sri Jayewardenepura,1.2373349999999999,1.2337520161290323,1.2442898097826087,1.2448384668283246,1.2404436528497411,1.1744223283548136,1.2505451428571428,1.2585518181818183,1.2501368421052632,1.2510133870967743,1.0624880646360715,1.0792751642130975,0.9765769026997104,1.139542544030957,1.2052941126625267,1.232717188699524,1.2448011685363396,1.221662485711564,1.2530060483870968,1.2722900740740741,1.2040943878707315,1.240744429347826,1.2208226099852166,1.26926125,1.2607841623036649
Physical Science - University of Kelaniya,1.105225,1.1063,1.10605,1.1134199421965318,1.108125,1.143805020662506,1.1097000000000001,1.109675,1.117575,1.131425,1.0591848536268973,1.0792751642130975,0.9765769026997104,1.139542544030957,1.2052941126625267,1.16895,1.14995,1.1711290540540542,1.1061999999999999,1.118001836158192,1.1589589191207317,1.123142297979798,1.1395196596746575,1.1128,1.1109
Physical Science - University of Jaffna,1.0316869668246444,0.8002,1.0114557291666666,0.764375,0.8077,0.8603345679012346,1.0116,1.2750452550796987,0.873525,0.8704750000000001,0.831125,1.0792751642130975,0.9765769026997104,0.8282682608695652,0.77605,0.770875,0.7546499999999999,0.7533500000000001,0.9392,0.7605,0.7559499999999999,0.814025,0.7589250000000001,0.9148,0.7453
Physical Science - University of Ruhuna,1.031075,1.021525,1.02765,1.034975,1.028225,1.1047720794860354,1.032575,1.04545,1.03565,1.138513387096774,1.0319348536268973,1.0533043677529204,0.9765769026997104,1.096932078914678,1.1223108848144254,1.0930176378013206,1.047275,1.040375,1.0203250000000001,1.0369,1.2040943878707315,1.0254,1.0895196596746575,1.02315,1.020525
"Physical Science - Eastern University, Sri Lanka",1.0896034642865735,0.841375,0.9991557291666666,0.589525,0.809825,0.46085000000000004,1.2660925998280088,1.2666952550796986,0.87635,0.9806117647058824,0.595225,0.755730731389284,0.6665283325242719,0.47665,0.4652,0.500275,0.6542,0.54055,1.0140461822660098,0.605925,0.458775,0.8874922979797979,0.5667249999999999,1.1165029944080742,0.64415
Physical Science - South Eastern University of Sri Lanka,1.1037534642865734,0.8363,1.0113807291666665,0.6781,0.8362999999999999,0.294875,1.2539713874605907,1.3579034953031623,0.974830316091954,1.133192504743833,0.6457822815533981,0.09880000000000001,0.252325,0.197775,0.375075,0.5378000000000001,0.6459,0.51805,0.95275,0.6162500000000001,0.4082,0.81785,0.605775,1.1195393488332188,0.65495
Surveying Science - Sabaragamuwa University of Sri Lanka,1.1310499999999999,1.1328,1.313275,1.089,1.1232499999999999,0.8512,1.2941749999999999,1.300225,1.3356500000000002,1.3348,1.226875,0.889675,0.747125,1.07125,1.18625,1.20405,1.2258499999999999,1.071625,1.282125,1.147325,0.94175,1.287725,1.145975,1.300475,1.2580999999999998
Applied Sciences (Phy.Sc) - Rajarata University of Sri Lanka,0.89035,0.902675,0.9009750000000001,1.0068568965517244,0.9166749999999999,1.090392260208927,0.901975,0.8953500000000001,0.898425,0.962025,1.0624880646360715,1.0792751642130975,0.9765769026997104,1.079840944030957,1.0809858848144256,0.9783564102564104,1.0060706703910614,1.102543694938032,0.89365,0.9836768361581921,1.2040943878707315,0.9132,1.0304029503105592,0.89845,0.896225
Applied Sciences (Phy.Sc) - Sabaragamuwa University of Sri Lanka,0.977225,0.98725,0.9784499999999999,1.1606817270164123,0.99065,1.143805020662506,0.984425,0.9803250000000001,0.9742000000000002,1.1291853584558824,1.0624880646360715,1.0792751642130975,0.9765769026997104,1.139542544030957,1.1136608848144256,1.2536425108622162,1.1574804981452782,1.195778162926584,0.9743250000000001,1.1543744108335168,1.2040943878707315,1.01185,1.1861096675906382,0.9926250000000001,0.976325
Applied Sciences (Phy.Sc) - Wayamba University of Sri Lanka,0.850775,0.844125,0.8693,0.9480568965517242,0.8511249999999999,1.1212223283548137,0.8776,0.87405,0.8552,0.86185,1.0624880646360715,1.0792751642130975,0.9765769026997104,1.139542544030957,1.1731441126625268,1.1509541875089229,1.0117206703910615,0.9610646408839778,0.847675,1.029026267976374,1.2040943878707315,0.9613422979797979,1.0021907534246575,0.8633750000000001,0.8552
Applied Sciences (Phy.Sc) - University of Jaffna - Vavuniya Campus,1.1953205568678698,1.172883581785598,1.3185719464779169,1.1278254211835168,1.1001485861042604,1.143805020662506,1.3493939810434785,1.3579034953031623,1.3266004151204367,1.200641098493833,1.0624880646360715,1.0792751642130975,0.9765769026997104,1.1774553259858442,1.0592098844746074,1.1011425108622164,1.103375481723153,1.080303162926584,1.212926783521252,1.065914505892256,1.2040943878707315,1.1514688178458627,1.2377135738406382,1.1986892444080741,1.2811615287726406
Applied Sciences (Phy.Sc) - Eastern University - Trincomalee Campus,1.0668855568678695,0.800775,1.1803071366953082,0.605325,0.732425,0.211575,1.0845262446034478,1.3579034953031623,1.0853671581972173,1.093017504743833,0.518732281553398,0.12350000000000001,0.2743,0.38379326086956517,0.5318092281879195,0.608575,0.590775,0.438975,1.0555820959715938,0.5493250000000001,0.32915,0.7199500000000001,0.528875,0.9690737903225806,0.65925
Management - University of Colombo,1.729225,1.7291500000000002,1.730275,1.740675,1.7315,1.734775,1.729375,1.73035,1.734225,1.7493,1.5613366822429906,1.407655731389284,1.5679530701754385,1.7408249999999998,1.7448249999999998,1.755525,1.7505,1.7326249999999999,1.730775,1.73555,1.73535,1.7453750000000001,1.6070279503105591,1.732375,1.732775
Management - University of Peradeniya,1.587825,1.5867,1.5965000000000003,1.5999999999999999,1.58685,1.588825,1.589475,1.5450979166666665,1.6021750000000001,1.5944,1.6297249999999999,1.61265,1.6121500000000002,1.493835465116279,1.608725,1.59405,1.5889,1.5998,1.5867499999999999,1.59815,1.4139820204741378,1.59505,1.5449907534246576,1.604425,1.59595
Management - University of Sri Jayewardenepura,1.798875,1.8034249999999998,1.812075,1.81095,1.80825,1.8061500000000001,1.802925,1.805175,1.820725,1.8051,1.728282281553398,1.6727486363636364,1.836075,1.6451182608695651,1.81015,1.8367000000000002,1.8872749999999998,1.806,1.8010000000000002,1.813575,1.8174249999999998,1.816625,1.81085,1.8037750000000001,1.8077999999999999
Management - University of Kelaniya,1.629575,1.630925,1.630375,1.6452,1.631125,1.633575,1.63135,1.6341750000000002,1.646675,1.3886292694497153,1.0624880646360715,1.2105015278494613,0.9765769026997104,1.139542544030957,1.6597,1.4622926378013203,1.654725,1.638575,1.6308,1.6359,1.6484249999999998,1.63385,1.6368999999999998,1.632425,1.631775
Management - University of Jaffna,1.319,1.310575,1.440725,1.257275,1.29025,1.131725,1.3493939810434785,1.3579034953031623,1.196430316091954,1.1246,1.17415,1.167325,1.2367,1.070225,1.08795,1.108925,1.0753,1.194125,1.3502,1.2064499999999998,1.1580000000000001,1.236375,1.3162196596746576,1.3344517847306547,1.2645
Management - University of Ruhuna,1.416425,1.4173,1.41555,1.385969942196532,1.4211,1.43105,1.41615,1.4331,1.4239,1.3798987455526566,1.0624880646360715,1.0792751642130975,0.9765769026997104,1.139542544030957,1.453875,1.477675,1.431525,1.3611159049289216,1.4274,1.41795,1.45465,1.41875,1.417,1.4235000000000002,1.418
"Management - Eastern University, Sri Lanka",1.316891497461929,1.2978001634904974,1.3350311772471477,1.230000421183517,1.291575,1.129675,1.3493939810434785,1.3579034953031623,1.188180316091954,1.25609859375,1.0384057830826734,1.1639807313892843,1.1132238325242718,1.015725,1.063225,1.0727,1.06565,1.2288750000000002,1.3367419620926804,1.209175,1.188025,1.231825,1.2604346675906384,1.3278600403225806,1.2538999999999998
Management - South Eastern University of Sri Lanka,1.3427000000000002,1.3327749999999998,1.3137162173112502,1.227825421183517,1.30955,1.158325,1.3692012446034478,1.3579034953031623,1.188255316091954,1.2571158823529411,1.0624880646360715,1.141678892283273,0.9765769026997104,1.046630478914678,1.0779,1.096575,1.064475,1.2352750000000001,1.322772965787262,1.2017981428571427,1.1888,1.234875,1.2768939141659805,1.3203005988332188,1.26905
Management - Rajarata University of Sri Lanka,1.3304,1.3078750000000001,1.3609499999999999,1.3055750000000002,1.30415,1.3081,1.3595498633879783,1.3579034953031623,1.3084250000000002,1.4778,1.143222174805563,1.1344793677529204,1.1007814026997105,1.344310465116279,1.3241749999999999,1.3261749999999999,1.3194,1.3019749999999999,1.344375,1.3015,1.304625,1.302375,1.3257500000000002,1.3316737903225806,1.29975
Management - Sabaragamuwa University of Sri Lanka,1.3613250000000001,1.361275,1.3650499999999997,1.3333949421965319,1.3647,1.373975,1.36285,1.4108229166666666,1.363725,1.2998028631997154,1.1510098536268973,1.2652699082934609,0.9765769026997104,1.139542544030957,1.2417674560360208,1.2587287384071264,1.38945,1.342864640883978,1.3655249999999999,1.377525,1.3725749999999999,1.3617249999999999,1.3689500000000001,1.3697,1.364275
Management - Wayamba University of Sri Lanka,1.385875,1.385025,1.4012250000000002,1.386575,1.3865249999999998,1.398175,1.4057475935828876,1.380326677121344,1.3914303160919541,1.328166098493833,1.0624880646360715,1.1501043677529204,0.9765769026997104,1.139542544030957,1.392125,1.2587287384071264,1.406,1.38565,1.387,1.3889250000000002,1.3947,1.409325,1.3526657534246576,1.3903750000000001,1.411575
Estate Management & Valuation - University of Sri Jayewardenepura,1.500285,1.4305270161290324,1.479914809782609,1.4716136363636365,1.493468652849741,1.3559345679012345,1.477220142857143,1.5299268181818184,1.4957118421052633,1.3965883870967741,1.385882281553398,1.2734207964601771,1.2299704999999999,1.4237516000000001,1.4532582278481012,1.4511745508982037,1.3315956703910614,1.4041978448275863,1.4871810483870969,1.4563981428571429,1.4353696666666667,1.5026944293478262,1.437477950310559,1.5010862499999997,1.4798091623036649
Commerce - University of Sri Jayewardenepura,1.599825,1.60025,1.6031749999999998,1.6094,1.6106250000000002,1.4024875115848006,1.6018000000000001,1.608825,1.583755316091954,1.4483175047438328,1.0624880646360715,1.0792751642130975,0.9765769026997104,1.648175,1.2052941126625267,1.2587287384071264,1.4366478778244227,1.345888749756508,1.6068500000000001,1.6263,1.5396427007299271,1.6109499999999999,1.3241346675906382,1.6006999999999998,1.6263999999999998
Commerce - University of Kelaniya,1.4855250000000002,1.487475,1.491,1.503075,1.4909249999999998,1.5023250000000001,1.488325,1.497825,1.5047249999999999,1.3792237455526566,1.0624880646360715,1.1723543677529205,0.9765769026997104,1.139542544030957,1.2945191126625268,1.2587287384071264,1.3726228778244227,1.485239640883978,1.489925,1.5143499999999999,1.481292700729927,1.49685,1.4538907534246575,1.49275,1.4983999999999997
Commerce - University of Jaffna,1.28515,1.24775,1.3079749999999999,1.2175886363636366,1.2433750000000001,1.1630220794860353,1.3355762446034478,1.355525,1.3266004151204367,1.2138119808467742,1.113722174805563,1.132478892283273,1.175,1.1441287259858441,1.2052941126625267,1.2210425108622163,1.2448011685363396,1.1833978448275861,1.29095,1.1977731428571428,1.202792700729927,1.21605,1.281075,1.29755,1.21835
"Commerce - Eastern University, Sri Lanka",1.2767600000000001,1.2395520161290323,1.3014648097826087,1.2205136363636364,1.2451186528497409,1.0754345679012345,1.297845142857143,1.3471268181818181,1.183111842105263,1.1539751518026566,1.0930981713839065,1.0837920683900015,1.005698832524272,1.0364765999999999,1.0923598844746074,1.135586100605806,1.0575456703910613,1.1516478448275862,1.2864560483870968,1.173724979015335,1.1061446666666666,1.205494429347826,1.352677950310559,1.2964112499999998,1.211734162303665
Commerce - South Eastern University of Sri Lanka,1.2880999999999998,1.2554500000000002,1.31795,1.2146000000000001,1.2527249999999999,1.076025,1.2939749999999999,1.33535,1.130175,1.1241117647058825,1.0256307830826734,1.0792751642130975,0.9765769026997104,0.9259016,0.9612999999999999,1.022375,0.9938999999999999,1.1208,1.305925,1.147475,1.100525,1.1853500000000001,1.2845499999999999,1.313075,1.20315
Management (Public) Special - University of Sri Jayewardenepura,1.3723205568678696,1.336608581785598,1.3811662173112502,1.3258004211835168,1.3323485861042603,1.2371252013853975,1.3945191176555003,1.4026805786364958,1.4008450990284826,1.378566098493833,1.208372174805563,1.204978892283273,1.0318963201754385,1.2522553259858442,1.2950848844746075,1.3616425108622163,1.3222754817231528,1.333203162926584,1.392226783521252,1.3288895058922559,1.3063978361465938,1.3409938178458627,1.3299228204159808,1.384889244408074,1.3418748866157777
Business Information Systems (Special) (Bis) - University of Sri Jayewardenepura,1.3851455568678697,1.3726585817855979,1.4003912173112503,1.330050421183517,1.3764735861042605,1.2698252013853975,1.3983441176555003,1.4358055786364958,1.3624200990284827,1.363816098493833,1.097297174805563,1.204378892283273,1.0462963201754385,1.2576303259858443,1.3003348844746072,1.3596425108622163,1.277525481723153,1.327853162926584,1.408826783521252,1.3399895058922557,1.2928978361465937,1.3667688178458626,1.2668728204159807,1.377839244408074,1.3520248866157778
Financial Engineering # - University of Kelaniya,1.4787,1.39625,1.3615249999999999,1.2665386363636362,1.387675,1.1934375115848006,1.3528249999999997,1.277175,1.20745,0.9959499999999999,1.0624880646360715,1.06575,0.9661238325242718,1.1099053259858442,1.2923342281879195,1.2329814102564103,0.9089750000000001,1.2807290540540541,1.3415,1.3307,1.235664252454065,1.4111,1.3373,1.34505,1.279425
Law - University of Colombo,2.00175,2.0023999999999997,2.0080999999999998,2.01535,2.014475,1.8613548192771083,2.003725,2.01195,2.011,2.0225,1.0624880646360715,1.8244344594594595,1.2248814026997104,2.0641,1.794,2.031475,2.016825,2.02445,2.000825,2.004375,2.014325,2.0068,2.013,2.011375,2.002475
Law - University of Peradeniya,1.9655,1.96185,1.9639749999999998,1.9729999999999999,1.9648,1.969175,1.9725000000000001,1.817320520231214,1.7965368421052632,1.8258367647058824,1.0624880646360715,1.303003892283273,1.4804836526997103,1.339690944030957,1.7603749999999998,1.6260926378013205,1.9802250000000001,1.9708249999999998,1.974575,1.969975,1.7984715517241379,1.772166796875,1.8320407534246577,1.973275,1.9773500000000002
Law - University of Jaffna,1.7449664974619288,1.828125,1.6965606382978724,1.6677386363636364,1.7921500000000001,1.823425,1.6273450062451211,1.6716434368978803,1.7409868421052632,1.924775,1.652025,1.8709,1.44214325,1.8761,1.8909500000000001,1.81745,1.843425,1.8767999999999998,1.75474618226601,1.951025,1.3971839191207316,1.7475075916230365,1.4298476099852166,1.8974,1.7481786069651741
Arts * - University of Colombo,1.7505000000000002,1.7504749999999998,1.750375,1.783875,1.7542499999999999,1.4564625115848007,1.7511999999999999,1.751025,1.75195,1.7739500000000001,1.6142408898305085,1.8557249999999998,1.315428332524272,1.81135,1.7668500000000003,1.6459612275449103,1.753525,1.7522000000000002,1.7505249999999999,1.7519500000000001,1.753925,1.75375,1.753275,1.7510750000000002,1.750725
Arts * - University of Peradeniya,1.62215,1.6216750000000002,1.6222500000000002,1.6241500000000002,1.620775,1.62695,1.620925,1.622275,1.6201250000000003,1.628,1.6355250000000001,1.668925,1.634025,1.629275,1.6236249999999999,1.6222500000000002,1.621875,1.62325,1.6206999999999998,1.6206,1.622025,1.6201250000000003,1.620525,1.620425,1.6206
Arts * - University of Sri Jayewardenepura,1.5617,1.563025,1.5637500000000002,1.5654750000000002,1.5617,1.5916750000000002,1.561325,1.565525,1.563125,1.4511853584558825,1.2992025720734994,1.318219908293461,1.222628332524272,1.335355478914678,1.573375,1.4097176378013205,1.56315,1.562575,1.56105,1.5610000000000002,1.57775,1.5617,1.5641250000000002,1.562125,1.5610750000000002
Arts * - University of Kelaniya,1.4861,1.485625,1.485875,1.486325,1.4858,1.486475,1.4859250000000002,1.4864,1.4859250000000002,1.4078603584558824,1.2558775720734991,1.274894908293461,1.34227275,1.50175,1.5036749999999999,1.3663926378013205,1.4865,1.4857,1.486125,1.4869750000000002,1.487375,1.486725,1.48745,1.48885,1.486425
Arts * - University of Jaffna,1.2594750000000001,1.2301250000000001,1.2379000000000002,1.2296,1.2257500000000001,1.2256,1.319501244603448,1.2406000000000001,1.3038654855834795,1.2229,1.2276,1.228675,1.223875,1.2271,1.2377,1.226725,1.2282250000000001,1.223825,1.23305,1.2488000000000001,1.2516427007299271,1.23495,1.2746907534246577,1.2337250000000002,1.22525
Arts * - University of Ruhuna,1.4022999999999999,1.404275,1.401975,1.4155499999999999,1.4029249999999998,1.4088249999999998,1.402,1.403675,1.40265,1.3635853584558824,1.211602572073499,1.2306199082934608,1.1350283325242718,1.3241432608695651,1.3518592281879194,1.3221176378013204,1.4041,1.405175,1.402675,1.401875,1.402475,1.4039249999999999,1.4015749999999998,1.4077250000000001,1.4021
"Arts * - Eastern University, Sri Lanka",1.1688,1.164125,1.162525,1.161275,1.166125,1.1600000000000001,1.2718998633879783,1.2469729166666668,1.234705316091954,1.1603500000000002,1.1612,1.165225,1.164875,1.165525,1.1615,1.1601,1.1614250000000002,1.160625,1.16205,1.1660750000000002,1.1626500000000002,1.1632250000000002,1.1682000000000001,1.1648500000000002,1.163175
Arts * - South Eastern University of Sri Lanka,1.348475,1.303275,1.304,1.32035,1.30495,1.2556826923076922,1.325325,1.359525,1.3459803160919541,1.3348603584558825,1.2718908898305084,1.3196249999999998,1.223980582524272,1.315,1.3024,1.3055249999999998,1.3018,1.30315,1.3054,1.313225,1.3314,1.3170250000000001,1.312725,1.3025250000000002,1.311125
Arts * - Rajarata University of Sri Lanka,1.371025,1.370625,1.3721249999999998,1.3714,1.3734499999999998,1.373,1.37185,1.37105,1.37115,1.3464853584558825,1.1945025720734992,1.2135199082934611,1.117928332524272,1.385675,1.3734250000000001,1.3050176378013205,1.3739750000000002,1.371575,1.37055,1.371275,1.37485,1.371025,1.3716,1.370825,1.3707749999999999
Arts (Sp) / Mass Media* # - University of Colombo - Sri Palee Campus,1.2741,1.2741,1.2741,1.2741,1.2741,1.2741,1.2741,1.2741,1.2741,1.2741,1.2741,1.2741,1.2741,1.2741,1.2741,1.2741,1.2741,1.2741,1.2741,1.2741,1.2741,1.2741,1.2741,1.2741,1.2741
Arts (Sp) / Performing Arts * # - University of Colombo - Sri Palee Campus,1.02365,1.02365,1.02365,1.02365,1.02365,1.02365,1.02365,1.02365,1.02365,1.02365,1.02365,1.02365,1.02365,1.02365,1.02365,1.02365,1.02365,1.02365,1.02365,1.02365,1.02365,1.02365,1.02365,1.02365,1.02365
Arts (Sab) - A * [Arts Stream] - Sabaragamuwa University of Sri Lanka,1.442375,1.442375,1.442375,1.442375,1.442375,1.442375,1.442375,1.442375,1.442375,1.442375,1.442375,1.442375,1.442375,1.442375,1.442375,1.442375,1.442375,1.442375,1.442375,1.442375,1.442375,1.442375,1.442375,1.442375,1.442375
Arts (Sab) - B * [Commerce Stream] - Sabaragamuwa University of Sri Lanka,1.236,1.236,1.236,1.236,1.236,1.236,1.236,1.236,1.236,1.236,1.236,1.236,1.236,1.236,1.236,1.236,1.236,1.236,1.236,1.236,1.236,1.236,1.236,1.236,1.236
Social Work * - University of Peradeniya,1.781775,1.781775,1.781775,1.781775,1.781775,1.781775,1.781775,1.781775,1.781775,1.781775,1.781775,1.781775,1.781775,1.781775,1.781775,1.781775,1.781775,1.781775,1.781775,1.781775,1.781775,1.781775,1.781775,1.781775,1.781775
Human Resource Development - Uva Wellassa University of Sri Lanka,1.510525,1.5822,1.533375,1.629775,1.5945749999999999,1.6014,1.54205,1.499225,1.4966,1.4447750000000001,1.41425,1.52125,1.427225,1.4129,1.6535,1.625925,1.6248,1.6432000000000002,1.5812499999999998,1.5977249999999998,1.5899999999999999,1.6049,1.6087,1.62775,1.627775
Management Studies (Tv) - A [Commerce Stream] - University of Jaffna - Vavuniya Campus,1.2566455568678696,1.252508581785598,1.2786662173112502,1.2114254211835167,1.2464235861042603,1.1079252013853975,1.3084191176555002,1.3216555786364959,1.2997200990284827,1.230691098493833,1.100072174805563,1.0792751642130975,1.0369963201754386,1.1527053259858442,1.1529848844746073,1.2132175108622163,1.171200481723153,1.207828162926584,1.293151783521252,1.2241395058922557,1.1618228361465937,1.2466438178458628,1.2340478204159806,1.2954392444080742,1.2693748866157777
Management Studies (Tv) - A [Commerce Stream] - Eastern University -Trincomalee Campus,1.2306,1.22405,1.240375,1.2446835785601682,1.257480868544601,1.1499625115848007,1.2417500000000001,1.240325,1.1760101694915255,1.1798853584558824,1.0271275720734991,1.1284986363636365,0.9837488325242718,1.062330478914678,1.0681842281879195,1.1369676378013205,1.1198978778244226,1.211188749756508,1.24855,1.1884012679763738,1.157989252454065,1.223334094854798,1.243875,1.246025,1.198225
Management Studies (Tv) - B [Any Subject Combination] - University of Jaffna - Vavuniya Campus,1.2686705568678696,1.255158581785598,1.3029662173112502,1.2860504211835169,1.2779485861042603,1.1700502013853975,1.3498691176555002,1.3373805786364956,1.3266004151204367,1.274291098493833,1.0624880646360715,1.0792751642130975,0.9765769026997104,1.139542544030957,1.2052941126625267,1.2600175108622163,1.272950481723153,1.246378162926584,1.314001783521252,1.251664505892256,1.2319478361465936,1.2655361158256606,1.2668978204159806,1.3225630347306547,1.2750998866157777
Management Studies (Tv) - B [Any Subject Combination] - Eastern University -Trincomalee Campus,1.24315,1.2832,1.328225,1.349575,1.3070249999999999,1.2792548192771085,1.3317999999999999,1.34485,1.3326250000000002,1.148525,1.154775,1.1681486363636364,1.09599775,1.2044448608695653,1.3017750000000001,1.241925,1.308925,1.3493249999999999,1.3410250000000001,1.3397000000000001,1.319142700729927,1.338575,1.3282289062500001,1.3177999999999999,1.3326
Communication Studies * - Eastern University -Trincomalee Campus,1.293475,1.293475,1.293475,1.293475,1.293475,1.293475,1.293475,1.293475,1.293475,1.293475,1.293475,1.293475,1.293475,1.293475,1.293475,1.293475,1.293475,1.293475,1.293475,1.293475,1.293475,1.293475,1.293475,1.293475,1.293475
Peace & Conflict Resolution * - University of Kelaniya,1.7557249999999998,1.7557249999999998,1.7557249999999998,1.7557249999999998,1.7557249999999998,1.7557249999999998,1.7557249999999998,1.7557249999999998,1.7557249999999998,1.7557249999999998,1.7557249999999998,1.7557249999999998,1.7557249999999998,1.7557249999999998,1.7557249999999998,1.7557249999999998,1.7557249999999998,1.7557249999999998,1.7557249999999998,1.7557249999999998,1.7557249999999998,1.7557249999999998,1.7557249999999998,1.7557249999999998,1.7557249999999998
Islamic Studies * - South Eastern University of Sri Lanka,1.06995,1.06995,1.06995,1.06995,1.06995,1.06995,1.06995,1.06995,1.06995,1.06995,1.06995,1.06995,1.06995,1.06995,1.06995,1.06995,1.06995,1.06995,1.06995,1.06995,1.06995,1.06995,1.06995,1.06995,1.06995
Arabic Language * - South Eastern University of Sri Lanka,0.6952,0.6952,0.6952,0.6952,0.6952,0.6952,0.6952,0.6952,0.6952,0.6952,0.6952,0.6952,0.6952,0.6952,0.6952,0.6952,0.6952,0.6952,0.6952,0.6952,0.6952,0.6952,0.6952,0.6952,0.6952
Architecture # - University of Moratuwa,1.188325,0.8882,1.059225,1.17255,1.117825,1.0506250000000001,1.223975,1.0238,0.779625,1.17645,1.0624880646360715,1.2267307313892841,0.9765769026997104,1.018232078914678,0.8155,1.112175,0.856275,0.872825,1.19035,0.6883250000000001,1.06563546875,1.1381000000000001,0.8325407534246576,1.1651250000000002,0.88645
Design # - University of Moratuwa,1.118775,0.6791499999999999,0.6884250000000001,1.046119942196532,0.913975,0.9082875115848006,0.80595,0.9060250000000001,0.829180316091954,1.1718792694497153,1.0624880646360715,1.0792751642130975,0.9765769026997104,1.139542544030957,1.0807441126625268,1.1887357784431138,0.7655256868131867,1.2503159049289216,0.8501500000000001,0.937026836158192,1.2040943878707315,0.79545,0.9727106235300792,0.499475,0.43672500000000003
Landscape Architecture # - University of Moratuwa,0.64035,0.613725,0.669125,0.375575,0.7135750000000001,0.7041595679012346,0.437225,0.5533,0.44825000000000004,0.5888,1.0624880646360715,1.0792751642130975,0.9765769026997104,1.139542544030957,0.5826424560360207,0.68755,0.49995,0.5460978448275863,0.7524,0.4393518361581921,1.086092700729927,0.5339750000000001,0.8393817172800793,0.6039,0.37887499999999996
Town & Country Planning - University of Moratuwa,1.340325,1.252575,1.312975,1.2638,1.279625,1.043225,1.3615,1.3518000000000001,1.2668,1.333175,1.0131750000000002,0.9485750000000001,0.80345,1.0422,1.213975,1.277775,1.200275,1.0642749999999999,1.27575,1.2509,1.081125,1.264725,1.15195,1.31285,1.2962500000000001
Fashion Design & Product Development # - University of Moratuwa,1.188275,1.0358749999999999,1.00615,0.9621500000000001,0.9262250000000001,0.8506048192771083,0.9842249999999999,0.861,0.9822500000000001,0.9484041176470589,1.0627013823930809,1.0792751642130975,0.9765769026997104,1.139542544030957,0.8121342281879195,1.1812973281507162,1.0606228778244227,1.013793694938032,0.93375,0.8979268361581921,1.1765820204741377,0.7064,0.8959657534246576,1.0610737903225806,0.666025
Information Technology (It) - University of Moratuwa,1.649975,1.51395,1.6096,1.490325,1.4983499999999998,1.1354499999999998,1.602625,1.66465,1.578875,1.666875,1.364832281553398,1.1036,1.0108705,1.31765,1.4320499999999998,1.4840499999999999,1.36125,1.338625,1.562225,1.324925,1.272525,1.3706749999999999,1.24085,1.4779499999999999,1.5030000000000001
Information Technology & Management - University of Moratuwa,1.4311705568678696,1.408583581785598,1.4336412173112503,1.380725421183517,1.3671235861042603,1.2592252013853975,1.4689941176555004,1.4692305786364956,1.4120950990284826,1.443866098493833,1.0766221748055629,1.142153892283273,1.0372713201754387,1.2122303259858442,1.3934348844746074,1.3566675108622164,1.3924004817231528,1.3801781629265841,1.452326783521252,1.3803395058922558,1.3683978361465936,1.4048688178458626,1.3991978204159805,1.4466892444080741,1.4197248866157777
Facilities Management - University of Moratuwa,1.535075,1.480825,1.5072,1.41635,1.45315,1.4278499999999998,1.5080500000000001,1.543725,1.4779,1.4527,1.05,1.3573000000000002,1.08705,1.396625,1.497925,1.42225,1.33135,1.369275,1.4435499999999999,1.4057749999999998,1.3479999999999999,1.456875,1.4200999999999997,1.49315,1.4787
Transport & Logistics Management - University of Moratuwa,1.4897290594059405,1.448336485826002,1.485605579013378,1.3137185246317926,1.458977068691325,1.1764675090777053,1.5034177364400305,1.5253100584052819,1.4946599295369574,1.421742504743833,1.1354604925625722,0.9957052559196367,0.8480735701754385,1.001187065116279,1.2326848844746072,1.296561100605806,1.353128290711917,1.3197768988816403,1.4898408698156682,1.264440074074074,1.1183551354166665,1.403686226222826,1.2606939141659805,1.493123685897436,1.4332212796506036
Business Science - University of Moratuwa,1.84115,1.735025,1.7658,1.6919250000000001,1.605775,1.5703,1.717025,1.785525,1.6712500000000001,1.4245999999999999,1.05095,1.301075,1.241675,1.5812249999999999,1.5837249999999998,1.5001,1.5556,1.597775,1.609775,1.7206,1.534575,1.6730500000000001,1.6053000000000002,1.724825,1.766625
Management And Information Technology (Mit) # - University of Kelaniya,1.3422999999999998,1.3007,1.2663250000000001,1.132325,1.171475,0.8736048192771084,1.368925,1.352475,1.33315,1.3967,0.8032263823930809,1.0031807313892842,0.8835783325242719,0.878,0.923575,1.140275,0.91525,1.12705,1.297925,0.9611,0.975039252454065,1.280775,1.0207907534246576,1.24275,1.06955
Industrial Statistics & Mathematical Finance - University of Colombo,1.439375,1.393775,1.3839,1.1688999999999998,1.3928,0.993575,1.435125,1.412625,1.3645999999999998,1.38405,1.0708,0.5536000000000001,0.516375,1.07785,1.0951250000000001,1.255625,1.187325,1.1328999999999998,1.40525,1.2028750000000001,0.87345,1.4137,1.1491,1.4083999999999999,1.3549
Financial Mathematics And Industrial Statistics - University of Ruhuna,1.1957664974619289,1.1504970959595961,1.2325106382978723,1.0359818965517242,1.1142715174129354,0.8728076923076924,1.2162763812154698,1.1637455202312137,1.2081101694915255,1.12349859375,0.6551116822429905,0.6830236363636364,0.57607275,0.7996682608695652,0.9334500000000001,1.1904814102564103,1.079572191011236,1.0586262640449438,1.1423609137055837,1.0768494318181818,0.869392700729927,1.1863825916230366,0.98705390625,1.1893905585106384,1.1705786069651742
Statistics & Operations Research - University of Peradeniya,1.4008,1.3786500000000002,1.427875,1.2884,1.4446749999999997,1.0674000000000001,1.454975,1.4236749999999998,1.420375,1.4499499999999999,1.0246,0.6132500000000001,0.4896,1.052575,1.098475,1.296675,1.2057,1.193,1.444625,1.207725,1.0094249999999998,1.38375,1.175975,1.398775,1.394025
Computation & Management - University of Peradeniya,1.3711955568678698,1.3389335817855978,1.3729912173112502,1.3549754211835168,1.3751485861042605,1.2277252013853976,1.3938941176555004,1.4091305786364958,1.3761450990284827,1.362216098493833,1.175347174805563,1.164303892283273,1.0546213201754386,1.2006053259858442,1.3338098844746074,1.3084925108622163,1.336675481723153,1.3437031629265839,1.401026783521252,1.2793895058922558,1.2388978361465937,1.3006188178458626,1.2584478204159806,1.3831892444080742,1.3213998866157777
Geographical Information Science - University of Peradeniya,1.8965249999999998,1.9587500000000002,1.9511999999999998,1.9533,1.9634999999999998,1.897425,1.92965,2.046825,1.9641250000000001,1.92305,1.932975,1.91095,1.8324,1.8167999999999997,2.04025,2.012975,1.981075,1.89455,1.974425,1.95445,1.98005,1.98345,1.9280000000000002,1.97485,2.0401249999999997
Information And Communication Technology (Ict) # - Rajarata University of Sri Lanka,0.8628500000000001,0.8931,0.9007499999999999,0.8744000000000001,0.859925,1.0796875115848006,0.8787499999999999,0.9234,0.986655316091954,0.903725,1.037351382393081,1.0405515278494613,0.9765769026997104,1.1524537259858443,1.1911342281879196,0.8914249999999999,0.8727,1.117143694938032,0.894225,1.0502268361581921,1.2040943878707315,1.0528825916230367,1.1572476099852165,0.8952749999999999,0.901225
Information And Communication Technology (Ict) # - University of Jaffna - Vavuniya Campus,1.0606205568678697,1.0791085817855979,1.1396912173112503,1.2535453633800486,1.1478235861042605,0.9150752013853976,1.3493939810434785,1.2131805786364958,1.0778950990284826,1.173241098493833,1.0624880646360715,1.0792751642130975,0.9765769026997104,1.139542544030957,1.0976348844746073,1.2587287384071264,1.0740504817231529,0.915178162926584,1.131951783521252,0.8983395058922559,1.2040943878707315,0.9700188178458626,1.1288978204159807,1.3225630347306547,1.0540248866157778
Information Systems # - University of Colombo School of Computing,1.262425,1.1007,1.0034750000000001,1.025533578560168,1.0849250000000001,1.1097625115848007,1.11265,1.12615,1.0599250000000002,1.21715,1.0305348536268972,1.1111793677529205,0.9765769026997104,1.032199283161392,0.9033082278481013,0.9824615497076024,0.8997499999999999,1.0786518988816403,0.92195,0.787325,1.0901339191207315,1.217225,1.2377135738406382,0.877,1.07345
Software Engineering - University of Kelaniya,1.600475,1.6004749999999999,1.6119999999999999,1.2535453633800486,1.686175,1.143805020662506,1.6056500000000002,1.6009499999999999,1.59855,1.60365,1.0624880646360715,1.0792751642130975,1.0909314026997106,1.139542544030957,1.2052941126625267,1.4490671886995241,1.2448011685363396,1.238642803810562,1.6083500000000002,1.356649410833517,1.2040943878707315,1.5360444293478261,1.3232106235300793,1.5245737903225804,1.6427866421568627
Software Engineering - Sabaragamuwa University of Sri Lanka,1.4263940594059406,1.41555,1.434725448080481,1.284375,1.476,1.010775,1.4296239747983575,1.3579034953031623,1.3983450990284827,1.446915882352941,1.225375,0.9718,0.8721249999999999,1.2002016000000002,1.1827500000000002,1.3854749999999998,1.402675,1.221725,1.4867,1.2853500000000002,1.027625,1.4733999999999998,1.1653,1.4808249999999998,1.380775
Ayurvedic Medicine & Surgery - Institute of Indigenous Medicine,1.278835,1.2898270161290324,1.2935648097826087,1.267308578560168,1.309893652849741,1.1947470794860353,1.3034951428571429,1.3539768181818181,1.3217868421052632,1.2934501518026567,1.0624880646360715,1.1274265278494613,0.9765769026997104,1.268738818045113,1.2827674560360207,1.2760357784431138,1.2429213572042481,1.3270728448275864,1.298231048387097,1.3006981428571427,1.2714162183908044,1.293744429347826,1.2860187037352167,1.29786125,1.3008841623036649
Ayurvedic Medicine & Surgery - Gampaha Wickramaarachchi Ayurveda Institute,1.2819705568678696,1.259758581785598,1.2926412173112503,1.2640004211835167,1.2626985861042603,1.0829252013853976,1.3477691176555002,1.3422055786364957,1.3039700990284826,1.2998028631997154,1.0624880646360715,1.0792751642130975,0.9765769026997104,0.8823803259858443,0.9628348844746073,1.2587287384071264,1.1522754817231529,1.1712531629265839,1.300651783521252,1.234866342050448,1.1478728361465937,1.2677688178458628,1.2562978204159807,1.3121892444080743,1.2823748866157778
Unani Medicine & Surgery - Institute of Indigenous Medicine,1.131435,1.0163020161290324,1.1946898097826089,1.1692886363636363,1.097968652849741,1.0035095679012347,1.2276701428571428,1.1700018181818181,1.1125368421052633,1.1251383870967742,0.7107072815533981,1.220070796460177,0.8055455,1.1907766,1.2615832278481012,1.3423495508982037,1.3306956703910615,1.3114228448275862,1.2743560483870968,1.063373142857143,1.0587446666666667,1.1064694293478259,1.0600529503105591,1.26763625,1.1483591623036649
Siddha Medicine & Surgery - University of Jaffna,0.730325,0.14382499999999998,1.1857571366953081,0.9196386363636364,0.925780868544601,0.507525,1.3493939810434785,1.2225202550796987,1.3266004151204367,0.9093499999999999,0.9234000000000001,0.832975,0.832025,1.03065,0.94265,0.9370750000000001,0.9165249999999999,0.73245,0.778325,0.38155,0.638342700729927,1.092484094854798,0.8803696596746575,0.9284487903225807,1.0608579218074663
Siddha Medicine & Surgery - Eastern University - Trincomalee Campus,0.663925,0.614225,0.75065,0.7744749999999999,0.75885,0.8999643871783432,0.73805,0.807225,0.786925,0.9995499999999999,1.0624880646360715,1.0792751642130975,1.0755760825242717,1.0003604651162792,0.966825,0.9662000000000001,0.9196,0.7893,0.7911250000000001,0.7276518361581922,0.733721551724138,0.6504000000000001,0.7549250000000001,0.83685,0.6573249999999999
Health Promotion - Rajarata University of Sri Lanka,0.79215,0.7139,0.86375,0.7354,0.825925,0.7277750000000001,0.858025,0.8807749999999999,0.8848500000000001,0.7717499999999999,0.41559999999999997,0.52865,0.4283,0.659175,0.762425,0.8622000000000001,0.85965,0.8103999999999999,0.883675,0.7385999999999999,0.703225,0.862825,0.820175,0.873625,0.799825
Nursing - University of Colombo,1.1879,1.184075,1.2668356382978723,1.3381955329153605,1.2623210388072772,1.143805020662506,1.197725,1.187875,1.20695,1.2301,1.0823307830826734,1.1079043677529206,1.0518814026997105,1.155515944030957,1.2466592281879194,1.20491122754491,1.2301756868131868,1.2509,1.18975,1.2779494318181819,1.2399070204741378,1.2526,1.2051657534246576,1.2408600403225807,1.2099366421568627
Nursing - University of Peradeniya,1.2933869668246445,1.22865,1.2879807291666667,1.2632654751118924,1.2407750000000002,1.1901970794860353,1.20345,1.2404229166666667,1.244480316091954,1.28052359375,1.0624880646360715,1.0805515278494613,0.9765769026997104,1.139542544030957,1.2321092281879196,1.2310495508982036,1.2349228778244226,1.237204054054054,1.2594249999999998,1.257701267976374,1.2137589191207316,1.2343340948547978,1.2218907534246575,1.256875,1.2402121173469387
Nursing - University of Sri Jayewardenepura,1.12615,1.12315,1.1840807291666666,1.1935018387482559,1.2518710388072771,1.143805020662506,1.1202,1.1780729166666666,1.13165,1.2340603584558825,1.1276604925625724,1.0884043677529205,1.017328332524272,1.125740944030957,1.1786108848144257,1.1877814102564104,1.2047798113320916,1.195316539765618,1.140025,1.1597018361581921,1.1291912183908044,1.2240498896028347,1.1895946596746576,1.16083625,1.1250499999999999
Nursing - University of Jaffna,0.9594369668246446,0.865675,1.2638561772471477,0.9545750000000002,0.843125,0.8624999999999999,1.176797456970866,1.3579034953031623,1.3266004151204367,0.931,0.937157281553398,1.0304293677529204,0.9019555825242719,0.957125,0.96045,0.935025,0.9361499999999999,0.891575,1.01342118226601,0.825175,1.034442700729927,0.8944,1.1411817172800793,1.0590624358974359,0.9518500000000001
Nursing - University of Ruhuna,0.8942000000000001,0.890075,0.97695,1.034494942196532,0.892075,1.0290875115848006,1.000975,1.014275,0.993975,1.1577277113970588,1.0688557830826735,1.0930694328238135,0.9765769026997104,0.9986622180451128,1.0497582278481012,1.0484612275449101,1.0555506868131868,0.9803646408839779,0.9073500000000001,0.9247750000000001,0.9652499999999999,0.9502250000000001,1.0549157534246576,0.9573750000000001,0.930375
"Nursing - Eastern University, Sri Lanka",0.8474999999999999,0.9926491120886284,1.3185719464779169,0.9942335785601681,0.8254,0.6524,1.3106463874605907,1.3579034953031623,1.2709450990284827,1.2998028631997154,0.918239893252165,0.8594170683900016,0.8674735701754385,1.0410242831613918,1.0988441126625268,0.981025,0.931025,0.8271728448275861,1.0349348214285714,0.8766268361581921,1.109774721204065,1.1718688178458627,1.1194478204159806,1.2158017847306548,1.1412237595038015
Pharmacy - University of Peradeniya,1.5809119668246447,1.368232617058435,1.484391367464539,1.3497404751118922,1.567755868544601,1.143805020662506,1.5755725935828875,1.5082997348484848,1.571230316091954,1.650075,1.0624880646360715,1.0792751642130975,0.9765769026997104,1.238790944030957,1.3963842281879195,1.54001122754491,1.4413728778244226,1.238642803810562,1.6519000000000001,1.234866342050448,1.2040943878707315,1.3529416864778345,1.2377135738406382,1.489264348833219,1.652625
Pharmacy - University of Sri Jayewardenepura,1.5880750000000001,1.5872500000000003,1.5142307291666666,1.3287317270164123,1.4457773859575365,1.143805020662506,1.517999863387978,1.5166979166666665,1.5124303160919539,1.5915500000000002,1.0624880646360715,1.0792751642130975,1.0916814026997104,1.332430478914678,1.3617592281879194,1.4843112275449102,1.3972728778244228,1.3174699589829757,1.590325,1.234866342050448,1.2040943878707315,1.3499416864778344,1.2377135738406382,1.4477393488332189,1.5949499999999999
Pharmacy - University of Jaffna,1.2224749999999998,1.2692260514018692,1.294900448080481,1.2431318965517242,1.258705868544601,1.092925,1.3493939810434785,1.3579034953031623,1.3371450990284828,1.567575,1.279475,1.274975,1.1268455000000002,1.4119516,1.457075,1.506375,1.5047249999999999,1.35065,1.47047118226601,1.224975,1.181942700729927,1.3395498896028344,1.2655289062500001,1.3760505988332188,1.3420329218074663
Pharmacy - University of Ruhuna,1.422335,1.486975,1.5021749999999998,1.3081884668283246,1.4470215174129355,1.143805020662506,1.5656750000000001,1.5267499999999998,1.4537053160919542,1.2998028631997154,1.0624880646360715,1.0792751642130975,1.0681314026997104,1.2010159440309571,1.2052941126625267,1.3921727772525125,1.4517006868131868,1.417289640883978,1.44919618226601,1.2968994108335168,1.2572266871408044,1.504275,1.3519067172800792,1.5361000000000002,1.4279616421568626
Medical Laboratory Sciences - University of Peradeniya,1.798425,1.2819596331874672,1.5718264075286414,1.2535453633800486,1.7811,1.143805020662506,1.7756,1.5634184368978803,1.5507654855834794,1.6564617647058824,1.0624880646360715,1.0792751642130975,0.9765769026997104,1.139542544030957,1.2052941126625267,1.6305862275449101,1.4953228778244227,1.238642803810562,1.7905250000000001,1.234866342050448,1.2040943878707315,1.2655361158256606,1.2377135738406382,1.680037435897436,1.3955273664689756
Medical Laboratory Sciences - University of Sri Jayewardenepura,1.720675,1.504561485826002,1.6230557291666665,1.3701404751118924,1.6356465174129355,1.143805020662506,1.625299863387978,1.6288979166666666,1.6155053160919541,1.723675,1.0624880646360715,1.0792751642130975,0.9765769026997104,1.263740944030957,1.2052941126625267,1.61263622754491,1.4679728778244228,1.238642803810562,1.721525,1.234866342050448,1.2040943878707315,1.2655361158256606,1.2377135738406382,1.6140487903225806,1.725275
Medical Laboratory Sciences - University of Jaffna,1.4766619668246443,1.4179750000000002,1.3185719464779169,1.5500749999999999,1.5111,1.27365,1.507172456970866,1.4421202550796985,1.3266004151204367,1.7268,1.2678500000000001,1.5194,1.2426750000000002,1.4355182608695651,1.52785,1.6430000000000002,1.5187326203208558,1.583275,1.3964370520816782,1.360125,1.3180749999999999,1.53345,1.4195750000000003,1.4916350403225804,1.4575402491220368
Medical Laboratory Sciences - University of Ruhuna,1.6465999999999998,1.5576510514018693,1.6434,1.446001838748256,1.564555868544601,1.143805020662506,1.693275,1.675975,1.6553,1.2998028631997154,1.0624880646360715,1.0792751642130975,0.9765769026997104,1.289474283161392,1.3019608848144255,1.3451541875089228,1.5266506868131868,1.4330159049289217,1.67045,1.234866342050448,1.2040943878707315,1.4431498896028345,1.2377135738406382,1.6503999999999999,1.5450116421568625
Radiography - University of Peradeniya,1.50945,1.54065,1.5722749999999999,1.4572,1.4926750000000002,1.256025,1.468075,1.5672,1.523375,1.6149499999999999,1.192625,1.4501,1.11905,1.3057500000000002,1.51325,1.5535750000000002,1.5580500000000002,1.537575,1.5926749999999998,1.406025,1.3498,1.50935,1.3207499999999999,1.5882749999999999,1.5118
Physiotherapy - University of Colombo,1.733675,1.512711485826002,1.7852000000000001,1.3778404751118922,1.625655868544601,1.143805020662506,1.7799500000000001,1.6558479166666666,1.630305316091954,1.772675,1.0624880646360715,1.3885420683900018,0.9765769026997104,1.2856992831613918,1.3102358848144258,1.4688227772525124,1.4933978778244226,1.238642803810562,1.7707,1.234866342050448,1.2040943878707315,1.2655361158256606,1.2377135738406382,1.5590350403225806,1.5037902491220367
Physiotherapy - University of Peradeniya,1.4846605568678695,1.4566731473614651,1.5605205389492753,1.4983798882681563,1.66005,1.3101500000000001,1.78725,1.7675,1.4120450990284827,1.6205617647058825,1.39165,1.299933095823096,1.2491999999999999,1.4056932608695651,1.4643082278481012,1.704425,1.675475,1.6504999999999999,1.6551461822660098,1.45285,1.427,1.597075,1.4461,1.767575,1.6157621173469388
Environmental Conservation & Management - University of Kelaniya,1.03475,0.9904999999999999,1.023875,0.9579500000000001,1.056325,0.815675,1.0612,1.105,1.0969,0.78665,0.37865,0.488275,0.639175,0.8088,0.8536499999999999,0.7912999999999999,1.0061499999999999,0.9807,0.9899749999999999,0.895,0.804925,1.03445,0.98525,1.119475,1.039425
Fisheries & Marine Sciences - University of Ruhuna,0.882325,0.808925,0.901525,0.763725,0.87295,0.6384,0.9084000000000001,0.9038,0.8786500000000002,0.7415,0.437025,0.43105,0.283825,0.48730000000000007,0.603,0.6615749999999999,0.8078000000000001,0.767425,0.886975,0.7703249999999999,0.530425,0.893125,0.746575,0.8823749999999999,0.8840250000000001
Marine And Freshwater Sciences - University of Ruhuna,0.9834499999999999,0.9714,0.9831000000000001,0.8949,0.9652499999999999,0.7607,1.0201500000000001,1.04685,0.9942249999999999,0.9521999999999999,0.32465,0.672275,0.2741,0.639325,0.9049,0.9823250000000001,0.945475,0.8071,0.999125,0.9333750000000001,0.7304,0.9679249999999999,0.8442500000000001,0.97885,1.014525
Animal Science & Fisheries - University of Peradeniya,1.12585,1.140825,1.0956000000000001,1.09195,1.184925,0.993975,1.158925,1.1645,1.1688999999999998,1.15905,0.781925,0.44582499999999997,0.4349,0.665775,0.8199000000000001,1.001825,0.81265,1.076625,1.1925750000000002,1.04785,0.94485,1.06055,0.91465,1.123225,1.1480000000000001
Food Production & Technology Management - Wayamba University of Sri Lanka,0.98845,1.0130000000000001,1.0404,0.8891249999999999,1.0585,0.88515,1.0724749999999998,1.0480749999999999,1.046475,0.9154,0.492475,0.7799,0.387375,0.8584750000000001,0.8435,0.878025,0.9881,1.0361500000000001,1.02765,1.051375,0.8253750000000001,0.985225,0.8603,1.073025,0.9644
Food Business Management - Sabaragamuwa University of Sri Lanka,1.2625790594059407,1.242161485826002,1.280680579013378,1.1963435246317928,1.242252068691325,1.0750175090777052,1.2945927364400305,1.303885058405282,1.2845849295369574,1.143817504743833,1.0337354925625724,1.1017052559196365,1.0072235701754386,1.075637065116279,1.1717348844746074,1.1100861006058058,1.1966032907119168,1.1855268988816403,1.2840908698156681,1.2216400740740738,1.0737301354166666,1.2474862262228261,1.2486939141659807,1.2881236858974359,1.2612212796506037
Management And Information Technology (Seusl) - South Eastern University of Sri Lanka,1.37245,1.392875,1.4353500000000001,1.509875,1.441475,1.441675,1.467975,1.4374500000000001,1.4455,1.4262,1.3789500000000001,1.5264749999999998,1.3889,1.480025,1.5649000000000002,1.5485000000000002,1.57045,1.4863499999999998,1.4720749999999998,1.4604750000000002,1.483725,1.4857500000000001,1.42545,1.4929999999999999,1.412275
Computing & Information Systems - Sabaragamuwa University of Sri Lanka,1.077675,1.06135,1.121725,0.9642999999999999,1.021575,0.7357,1.112075,1.123175,1.13975,1.132425,0.8237500000000001,0.660875,0.48109999999999997,0.8688,1.02715,1.006525,1.060875,1.016925,1.101475,0.977225,0.7249749999999999,1.0553500000000002,0.9123000000000001,1.0986749999999998,1.0953750000000002
Physical Education # - Sabaragamuwa University of Sri Lanka,-0.1111,0.0019000000000000267,0.15402499999999997,0.5405568965517242,0.14132499999999998,-0.015625000000000007,0.4549701428571429,0.5821955202312139,0.9269385730151736,0.6090500000000001,1.0624880646360715,0.6841986363636364,0.7663533325242718,0.6111448608695653,-0.033125,0.094575,0.153025,0.4223012640449439,0.061599999999999995,-0.04724999999999999,0.4740196666666666,0.096325,0.39605,0.23107500000000003,-0.049475000000000005
Sports Science & Management # - University of Sri Jayewardenepura,0.882375,0.903275,0.8827499999999999,1.184850421183517,0.9149499999999999,1.1918329411764705,0.8825750000000001,1.022075,0.994925,1.1500383870967743,1.0720307830826734,1.0792751642130975,0.9306033325242719,1.1313803259858441,0.9976266566265061,0.913825,1.2560054981452782,0.934425,0.9304250000000001,1.1070231428571429,1.1192250000000001,1.166425,1.1256189141659807,1.01775,0.867775
Sports Science & Management # - Sabaragamuwa University of Sri Lanka,0.66255,0.5111,0.545175,0.7284449421965318,0.7732000000000001,0.2764298192771084,0.6859500000000001,0.47740000000000005,0.07984999999999998,0.30237499999999995,0.9405398932521649,0.679095796460177,0.62321825,0.6157888180451128,0.7149092281879195,0.43705,0.367225,0.40700000000000003,0.534375,0.37239999999999995,0.627817700729927,0.35135,0.45089999999999997,0.64645,0.47835000000000005
Speech And Hearing Sciences # - University of Kelaniya,1.2539,1.36535,1.20185,1.08165,1.278275,0.7300798192771084,1.233425,1.0600749999999999,1.199225,1.0784,0.5201532110091743,0.5892594594594596,0.8130055825242718,0.9147122180451127,1.287375,1.235275,1.34945,1.1119,1.2966,1.012975,0.8670392524540651,1.3635,1.0481907534246575,1.3757499999999998,1.128975
Tourism & Hospitality Management - Rajarata University of Sri Lanka,1.349525,1.398025,1.3929557291666665,1.400425,1.405475,1.40395,1.4213498633879782,1.3994497348484847,1.4109601694915255,1.17575,1.1969282110091743,1.2324594594594596,1.1816955,1.2076266,1.319825,1.1464750000000001,1.3226506868131866,1.3488396408839778,1.4308,1.3589018361581924,1.2826873673965937,1.313061226222826,1.3984999999999999,1.4086237903225807,1.4417499999999999
Tourism & Hospitality Management - Sabaragamuwa University of Sri Lanka,1.390025,1.397125,1.401225,1.3939699421965317,1.4122000000000001,1.40455,1.405725,1.4347499999999997,1.44075,1.3556251518026565,1.1538348536268972,1.3424920683900017,1.0755564026997104,1.205065944030957,1.2052941126625267,1.2587287384071264,1.3728206703910615,1.416725,1.418425,1.39995,1.382271551724138,1.40125,1.41397890625,1.4135749999999998,1.400325
Agricultural Resource Management & Technology - University of Ruhuna,1.2408955568678697,1.217583581785598,1.2559162173112504,1.1647754211835168,1.2386985861042603,1.1055252013853976,1.2754691176555002,1.3045555786364957,1.2664950990284827,1.191191098493833,0.935272174805563,1.013153892283273,0.7751463201754386,1.0682553259858443,1.0716598844746072,1.1548925108622163,1.2204004817231529,1.1902031629265841,1.2720517835212521,1.1867895058922557,1.1158978361465937,1.2082188178458626,1.0833728204159807,1.278539244408074,1.2211248866157778
Agri Business Management - University of Ruhuna,0.8686,0.8486500000000001,0.916625,0.807125,0.907575,0.75475,0.93215,0.9563249999999999,0.88085,0.726125,0.28214999999999996,0.517425,0.2227,0.403525,0.647075,0.675475,0.802925,0.66925,0.919375,0.7893,0.7464500000000001,0.84795,0.7272249999999999,0.925675,0.848625
Green Technology - University of Ruhuna,0.997425,0.9598,1.011475,0.84705,1.0296500000000002,0.8322,1.0347,1.03585,1.015275,0.90355,0.490975,0.59475,0.406175,0.542725,0.855775,0.836675,0.8038500000000001,0.8388,0.931975,0.7410749999999999,0.58225,0.9551750000000001,0.8602,1.04295,1.0193750000000001
Science And Technology - Uva Wellassa University of Sri Lanka,0.980125,0.94015,0.999825,0.916125,0.9729249999999999,0.766625,1.03525,1.047475,1.020125,1.053275,0.937425,0.5693250000000001,0.42292500000000005,0.8516999999999999,0.898175,0.92175,0.9911000000000001,0.846425,0.9789249999999999,0.8160999999999999,0.7145,0.9980500000000001,0.8242499999999999,0.9818500000000001,0.9608750000000001
Computer Science & Technology # - Uva Wellassa University of Sri Lanka,0.9619500000000001,1.0183499999999999,1.05485,0.883375,1.0394,0.574075,1.00115,1.1724,1.0381500000000001,1.1824249999999998,0.6498999999999999,0.6416000000000001,0.20915,0.8617999999999999,0.86005,0.9458500000000001,0.9712750000000001,0.8947,1.02115,0.8344750000000001,0.7390965517241379,1.05605,0.8254,0.956675,0.832175
Entrepreneurship & Management # - Uva Wellassa University of Sri Lanka,1.2718205568678695,1.2556585817855979,1.2997162173112502,1.2464754211835167,1.2723985861042604,1.1066752013853975,1.3138191176555003,1.3284055786364957,1.2966450990284826,1.1808410984938331,1.0624880646360715,1.0824038922832728,1.0275713201754386,1.059755325985844,1.1972848844746073,1.2169675108622162,1.181775481723153,1.2021281629265839,1.305476783521252,1.241014505892256,1.1445978361465936,1.2600188178458627,1.2142228204159806,1.2906892444080742,1.2658248866157777
Animal Science - Uva Wellassa University of Sri Lanka,1.0707790594059405,1.040561485826002,1.083405579013378,0.9985435246317927,1.074802068691325,0.8780425090777053,1.1035427364400305,1.1179350584052818,1.0847349295369573,1.0615925047438328,0.6859604925625723,0.7406302559196366,0.6212985701754385,0.899162065116279,0.9510598844746073,1.009986100605806,1.039653290711917,0.9493268988816402,1.0866408698156682,0.9507400740740741,0.9013051354166666,0.9975112262228261,0.9475689141659808,1.1116986858974358,1.0327212796506036
Export Agriculture - Uva Wellassa University of Sri Lanka,0.7583249999999999,0.759825,0.793925,0.71075,0.79275,0.6638499999999999,0.803175,0.820125,0.801675,0.736625,0.35779999999999995,0.29505000000000003,0.264375,0.42245,0.5316000000000001,0.617125,0.7097,0.579075,0.784375,0.6613249999999999,0.655475,0.7224750000000001,0.5815,0.8041750000000001,0.747725
Tea Technology & Value Addition - Uva Wellassa University of Sri Lanka,0.984585,0.9390270161290323,0.9911398097826087,0.9153136363636364,0.9513686528497409,0.7970345679012346,1.007995142857143,1.023701818181818,1.014186842105263,0.9637383870967742,0.769257281553398,0.4952957964601771,0.49224549999999995,0.7979266,0.9352332278481013,0.8608995508982037,0.8652706703910614,0.8368978448275862,0.9905310483870968,0.9424731428571428,0.9279196666666667,0.983644429347826,0.889902950310559,0.9995112499999999,0.987759162303665
Industrial Information Technology # - Uva Wellassa University of Sri Lanka,1.12835,1.106,1.1278,1.2003,1.10425,0.906425,1.1679,1.170225,1.050875,1.0914,0.46897500000000003,1.075825,0.51375,1.01215,1.0208,1.093425,1.132325,0.95405,1.1495,1.1312000000000002,1.0928,1.153975,1.13515,1.1836,1.155825
Mineral Resources And Technology - Uva Wellassa University of Sri Lanka,0.8999250000000001,0.8692500000000001,0.9158999999999999,0.793525,0.891375,0.71635,0.9188999999999999,0.9102250000000001,0.9237500000000001,0.9362750000000001,0.71635,0.48214999999999997,0.421575,0.698275,0.87795,0.87825,0.8698250000000001,0.744575,0.9126750000000001,0.871575,0.8355,0.8935500000000001,0.671,0.878725,0.91825
Aquatic Resources Technology - Uva Wellassa University of Sri Lanka,0.71375,0.70395,0.764975,0.681625,0.771625,0.55345,0.7746,0.7870999999999999,0.764225,0.719225,0.24625000000000002,0.292725,0.21539999999999998,0.5079,0.5741,0.59585,0.706675,0.6119,0.7675750000000001,0.5952000000000001,0.5976,0.6791,0.5245,0.7834000000000001,0.698625
Palm And Latex Technology & Value Addition - Uva Wellassa University of Sri Lanka,1.051276497461929,1.0513491120886282,1.0745004480804812,0.9423205329153606,1.0338401702626763,0.8383172602089269,1.0885465240726124,1.093222338413032,1.0745220115967886,1.041986980846774,0.7630189637963888,0.6284944328238135,0.5741182499999999,0.7604948608695652,0.9932332278481013,0.9987309611546139,0.9778928614022974,0.90214910887253,1.0808169620926806,0.9699725746753246,0.8458873673965936,1.0159270209708626,0.8683818565605591,1.0664768085106382,1.017837769268839
"Hospitality, Tourism And Events Management # - Uva Wellassa University of Sri Lanka",1.234225,1.223875,1.255025,1.2237,1.1984249999999999,1.109225,1.265625,1.2406000000000001,1.212625,0.9664,0.7914249999999999,1.011425,0.9420055825242718,0.797925,0.9900000000000001,1.032975,0.9985499999999999,1.0170249999999998,1.2369999999999999,1.2225000000000001,0.8334250000000001,1.178525,1.1361750000000002,1.2345000000000002,1.240475
Engineering Technology (Et) - University of Colombo,1.8602999999999998,1.866025,1.8554249999999999,1.7012818965517242,1.8494499999999998,1.5008875115848006,1.85555,1.8528250000000002,1.8891999999999998,1.72017359375,1.2538307830826734,1.0792751642130975,0.9765769026997104,1.139542544030957,1.7373092281879194,1.8833250000000001,1.7003206703910614,1.923325,1.854375,1.8738249999999999,1.3653339191207314,2.06225,1.69330390625,1.7285905585106385,1.877275
Engineering Technology (Et) - University of Sri Jayewardenepura,2.0389999999999997,2.066725,2.0427,2.09375,2.125175,2.048875,2.0608250000000004,2.0467750000000002,1.896736842105263,2.1145750000000003,1.3027057830826734,1.0792751642130975,0.9765769026997104,1.139542544030957,2.1881000000000004,2.0665,2.2366,2.1229999999999998,2.0336749999999997,2.048625,1.4453339191207315,2.0776250000000003,1.88017890625,2.115975,2.0414499999999998
Engineering Technology (Et) - University of Kelaniya,1.7144999999999997,1.710375,1.7096,1.7367750000000002,1.72945,1.7415,1.7378,1.7186000000000001,1.721625,1.8207,1.254722174805563,1.2476407047536382,0.9765769026997104,1.2921803259858442,1.4517842281879196,1.7513,1.6205006868131868,1.87305,1.711875,1.7252,1.8331749999999998,1.7709000000000001,1.3585978204159805,1.75135,1.72815
Engineering Technology (Et) - University of Jaffna,1.19175,1.149075,1.18275,1.2753,1.10595,0.87305,1.19385,1.3736434368978805,1.2646904855834795,0.85835,0.482275,0.440425,0.5918749999999999,0.4192,0.7511999999999999,1.079625,0.9781,0.8830500000000001,1.22255,1.1439750000000002,0.916475,1.1469500000000001,1.0815539062500001,1.295475,1.165775
Engineering Technology (Et) - University of Ruhuna,1.374575,1.380375,1.388975,1.4188548882681564,1.3952499999999999,1.3944999999999999,1.383675,1.4005499999999997,1.41945,1.2998028631997154,1.2921104925625724,1.0792751642130975,1.2321758201754387,1.139542544030957,1.4970999999999999,1.5225250000000001,1.4653,1.4923250000000001,1.388725,1.41925,1.4782677007299272,1.378392297979798,1.4127499999999997,1.388275,1.3941500000000002
Engineering Technology (Et) - Rajarata University of Sri Lanka,1.16245,1.1513,1.179925,1.27065,1.114025,1.094675,1.2894249999999998,1.399926677121344,1.1842618421052633,1.141475,1.138397174805563,1.0792751642130975,0.9765769026997104,1.1129226831613919,1.1262092281879195,1.1767,1.15205,1.0970262640449437,1.2263249999999999,1.1343999999999999,1.167721551724138,1.160525,1.129675,1.231275,1.17815
Engineering Technology (Et) - Sabaragamuwa University of Sri Lanka,1.1823249999999998,1.1945999999999999,1.1956499999999999,1.2842199421965317,1.212475,1.214575,1.2263249999999999,1.3685705202312137,1.19205,1.285666098493833,1.0624880646360715,1.0792751642130975,1.0005814026997104,1.2571787259858442,1.2052941126625267,1.321275,1.2290506868131867,1.2451159049289218,1.228875,1.2610518361581922,1.3189946666666668,1.252875,1.2483,1.2116000000000002,1.22595
Engineering Technology (Et) - Wayamba University of Sri Lanka,1.334,1.333425,1.35335,1.356975,1.3572749999999998,1.4255000000000002,1.352975,1.4355,1.37995,1.4632117647058824,1.0624880646360715,1.3443670683900018,0.9765769026997104,1.252405325985844,1.3739592281879194,1.40075,1.345925,1.3342999999999998,1.3360500000000002,1.338475,1.4925249999999999,1.359075,1.3783249999999998,1.3545500000000001,1.3427499999999999
Engineering Technology (Et) - Uva Wellassa University of Sri Lanka,1.161325,1.1338,1.31965,1.2755,1.109025,0.9493499999999999,1.1697,1.4197479166666667,1.1089499999999999,1.002825,1.066647174805563,1.0792751642130975,0.9973041526997104,1.096715944030957,1.094325,1.0894000000000001,1.0510000000000002,1.060125,1.2289,1.1908500000000002,1.00745,1.182925,1.0626499999999999,1.23855,1.159125
Biosystems Technology (Bst) - University of Colombo,1.73345,1.73265,1.7328000000000001,1.76015,1.736375,1.734175,1.745675,1.7169,1.74845,1.85985,1.227422174805563,1.674295796460177,1.5591055825242721,1.4777448608695651,1.755,1.840075,1.770975,1.813325,1.7148,1.72905,1.4843662183908044,1.746,1.921875,1.7245750000000002,1.7322250000000001
Biosystems Technology (Bst) - University of Sri Jayewardenepura,1.981325,1.9828999999999999,1.990225,2.1428499999999997,2.002625,1.7829829411764704,2.036875,2.116225,1.9774601694915255,2.35005,1.0624880646360715,1.3772407047536381,1.674376082524272,1.139542544030957,1.8724999999999998,2.006625,2.06715,2.0199262640449436,2.0277249999999998,2.01185,1.6176320204741377,1.988925,2.126825,1.9808500000000002,2.029325
Biosystems Technology (Bst) - University of Jaffna,0.881,0.884575,0.9771,1.2690000000000001,1.108925,0.92205,1.1625748633879782,1.205101818181818,1.08445,0.88905,1.0624880646360715,1.0595944328238134,1.1173510825242718,0.938525,1.0244499999999999,1.02915,1.2055,0.876475,1.08155,1.10945,0.9295249999999999,1.102625,1.055125,1.2792892444080741,1.0611000000000002
Biosystems Technology (Bst) - University of Ruhuna,1.494175,1.5737,1.520175,1.4133085785601682,1.5544,1.58795,1.52135,1.5252750000000002,1.56555,1.2998028631997154,1.1963513823930807,1.1750293677529204,0.9765769026997104,1.242882078914678,1.3831842281879196,1.2587287384071264,1.5161250000000002,1.3608887497565079,1.5301,1.552275,1.2872339191207316,1.5461749999999999,1.4964749999999998,1.5029249999999998,1.4951500000000002
"Biosystems Technology (Bst) - Eastern University, Sri Lanka",0.6837249999999999,0.801625,0.9650000000000001,1.1974636363636364,1.141233415841584,0.8800329411764706,1.019725,1.2942997348484848,1.066925,0.672825,0.60795,0.8198962719298245,0.5637249999999999,0.579725,1.0324,1.010775,1.186147191011236,0.7613,1.1283750000000001,1.167425,0.8141999999999999,1.125375,1.0619659638554215,1.3225630347306547,1.0734
Biosystems Technology (Bst) - South Eastern University of Sri Lanka,0.7232000000000001,0.82125,0.9659,1.2186935246317927,1.139108415841584,0.887775,0.9546250000000001,1.2025018181818181,1.127386842105263,0.764275,0.6829408898305085,0.9124594594594595,0.9596235701754385,0.8919226831613919,1.0382342281879196,1.0474999999999999,1.11005,0.9108896408839777,1.122525,1.1912225746753247,0.9119677007299269,1.1153,1.0559,1.353700598833219,1.0505
Biosystems Technology (Bst) - Rajarata University of Sri Lanka,1.2011500000000002,1.21785,1.22875,1.230425,1.2073999999999998,1.2162076923076923,1.2176,1.3265729166666667,1.238548087431694,1.3130791176470586,1.0624880646360715,1.2092694328238134,0.9765769026997104,1.139542544030957,1.2367,1.2097000000000002,1.2477956703910613,1.219325,1.20445,1.217325,1.2294551354166665,1.223025,1.232525,1.22485,1.220125
Biosystems Technology (Bst) - Sabaragamuwa University of Sri Lanka,1.285325,1.292225,1.30315,1.3653449421965318,1.2820999999999998,1.3025298192771084,1.313325,1.2958500000000002,1.3287499999999999,1.2998028631997154,1.0624880646360715,1.1071293677529206,1.0732738325242719,1.139542544030957,1.3298424560360207,1.4128115497076024,1.2772583071340422,1.3729500000000001,1.3175,1.288425,1.3867,1.28855,1.29175,1.300225,1.28685
Biosystems Technology (Bst) - Wayamba University of Sri Lanka,1.4500000000000002,1.427325,1.4349057291666667,1.425525,1.44495,1.3899326923076925,1.45,1.500575,1.43655,1.4545501518026567,1.287889893252165,1.2524949082934609,0.9765769026997104,1.283374283161392,1.5565000000000002,1.4524615497076023,1.3421583071340422,1.4658,1.435725,1.42745,1.5383,1.432025,1.4407,1.437575,1.4451500000000002
Biosystems Technology (Bst) - Uva Wellassa University of Sri Lanka,1.2265000000000001,1.22115,1.246025,1.319375,1.2211250000000002,1.2498,1.25695,1.232275,1.2769499999999998,1.316625,1.2136854925625724,1.124126527849461,1.17889325,1.156005478914678,1.2940332278481013,1.32395,1.262275,1.272487485711564,1.2272750000000001,1.2273999999999998,1.260296551724138,1.2164249999999999,1.2357157534246574,1.2380749999999998,1.22025
Information Communication Technology - University of Colombo,1.8714499999999998,1.89775,1.87865,1.5971748304646882,1.943075,1.3762204527612714,2.02445,1.8752,1.891275,2.0900749999999997,1.0624880646360715,1.0792751642130975,0.9765769026997104,1.139542544030957,1.7782342281879195,1.6209929599640125,1.7932756868131867,1.94035,1.8974,1.7938018361581922,1.652757020474138,1.882675,1.8701659638554216,1.70956125,1.8821250000000003
Information Communication Technology - University of Sri Jayewardenepura,1.9680499999999999,1.9517499999999999,1.950125,2.0016249999999998,1.9841499999999999,1.7649329411764705,1.9618499999999999,1.969325,1.970625,2.0437,1.5037354925625723,1.0792751642130975,0.9765769026997104,1.353932078914678,2.060025,1.9929000000000001,2.0424249999999997,1.7717040540540543,1.9968500000000002,1.996625,1.856232020474138,2.01955,1.8717657534246575,1.9597250000000002,1.9626500000000002
Information Communication Technology - University of Kelaniya,1.7118,1.717325,1.705075,1.75615,1.724025,1.6171576923076922,1.722725,1.71925,1.7527499999999998,1.7182500000000003,1.0624880646360715,1.0792751642130975,0.9765769026997104,1.139542544030957,1.5375342281879196,1.6174814102564103,1.6877256868131867,1.592751264044944,1.740475,1.745575,1.562039252454065,1.716175,1.76845,1.734175,1.7351750000000001
Information Communication Technology - University of Ruhuna,1.5313,1.539025,1.5303,1.5507449421965318,1.55995,1.585425,1.5679750000000001,1.525725,1.5446749999999998,1.4682251518026566,1.0624880646360715,1.2200407047536381,0.9765769026997104,1.139542544030957,1.2568598844746073,1.4627676378013206,1.5721506868131867,1.4588624857115642,1.57185,1.5670499999999998,1.2040943878707315,1.560825,1.368481856560559,1.572575,1.554125
Information Communication Technology - South Eastern University of Sri Lanka,1.108941497461929,1.132222095959596,1.1792606382978723,1.2436867848198805,1.1118715174129354,1.0978076923076925,1.2604763812154696,1.3579034953031623,1.2063601694915256,1.1724985937499999,1.078302572073499,1.0792751642130975,0.9765769026997104,1.152780478914678,1.2551999999999999,1.1597059611546139,1.144122191011236,1.1384262640449438,1.2056109137055837,1.1522744318181817,1.190614252454065,1.1506075916230365,1.2068196596746577,1.2175905585106384,1.1157536069651741
Information Communication Technology - Rajarata University of Sri Lanka,1.2674750000000001,1.2671000000000001,1.2717,1.2977249999999998,1.296425,1.379275,1.3006000000000002,1.40035,1.3066499999999999,1.3123,1.1620807830826734,1.124326527849461,0.9765769026997104,1.247207078914678,1.2784424560360206,1.2628064102564103,1.290825,1.266425,1.2565499999999998,1.268825,1.2720623673965936,1.26,1.321375,1.3039,1.2794
Information Communication Technology - University of Jaffna - Vavuniya Campus,1.1883705568678695,1.169308581785598,1.3185719464779169,1.243350421183517,1.1692235861042604,0.9818502013853976,1.2042941176555002,1.3579034953031623,1.2000700990284827,1.156566098493833,1.021222174805563,0.792503892283273,0.8933463201754386,0.8547303259858442,1.0898098844746074,1.1693675108622164,1.2175504817231528,1.129778162926584,1.217451783521252,1.195764505892256,1.0793978361465937,1.1622438178458627,1.0935228204159806,1.2294392444080742,1.1805998866157779
Information Communication Technology - Uva Wellassa University of Sri Lanka,1.3364250000000002,1.353575,1.3389499999999999,1.4077250000000001,1.3715249999999999,1.3939576923076924,1.4102000000000001,1.4334500000000001,1.3982999999999999,1.4392250000000002,1.2703731713839068,1.0792751642130975,0.9765769026997104,1.139542544030957,1.3395858848144258,1.3762977772525125,1.361925,1.444325,1.3572999999999997,1.3638750000000002,1.431239252454065,1.3484999999999998,1.4018157534246576,1.347725,1.340275
Physical Science -Ict - University of Sri Jayewardenepura,1.01755,0.96335,1.00005,1.2100617848198805,0.98275,1.143805020662506,0.9591750000000001,1.037375,1.023875,1.12084859375,1.0624880646360715,0.951003892283273,0.9765769026997104,1.139542544030957,1.2052941126625267,1.0979365497076023,1.043403290711917,1.1764803180989978,0.907575,0.912275,1.2040943878707315,0.941369429347826,1.2377135738406382,1.0922487903225806,0.8996249999999999
Physical Science -Ict - University of Kelaniya,1.113085,0.9967520161290323,1.0434398097826088,0.8823585785601682,0.957643652849741,0.6499845679012346,1.165620006245121,1.3166079750719486,1.0989421581972172,1.0624383870967742,0.7516939637963888,0.6439670683900016,0.9765769026997104,0.7011766,0.8201424560360208,0.8256857784431137,0.6849706703910614,0.7467728448275862,0.9791060483870968,1.1377244108335167,0.8249446666666665,0.8682194293478261,0.743027950310559,0.97868625,1.061809162303665
Translation Studies # - University of Kelaniya,1.2845750000000002,1.237425,1.301966367464539,1.2789567270164124,1.266430868544601,1.143805020662506,1.270525,1.2645729166666666,1.231648087431694,1.2998028631997154,1.0624880646360715,1.0792751642130975,0.9765769026997104,1.139542544030957,1.2052941126625267,1.2587287384071264,1.2448011685363396,1.2796228448275861,1.232656048387097,1.3131750000000002,1.2360589191207316,1.3008248896028345,1.2731096675906381,1.3384350403225804,1.317534162303665
Translation Studies # - Sabaragamuwa University of Sri Lanka,0.971275,0.9126,0.9757750000000001,1.0026867848198806,0.93955,1.143805020662506,1.13255,1.116170520231214,1.1948154855834794,1.2998028631997154,1.0624880646360715,1.0792751642130975,0.9765769026997104,1.139542544030957,1.2052941126625267,1.2587287384071264,1.2448011685363396,0.9391659049289216,0.96882118226601,0.8167,1.1021320204741378,0.8347917968749999,1.2136226099852165,1.049275,0.9813000000000001
Translation Studies # - University of Jaffna,0.4382,1.008661485826002,0.9005356382978724,1.1185205329153605,0.9216,0.962215633484163,1.3493939810434785,0.8407832402234636,1.1730023276887427,0.92075,0.36835,0.9717986363636364,0.5809033325242718,0.860325,0.8119842281879195,1.0244564102564102,0.8044749999999999,0.5724,0.32787499999999997,0.332075,1.2040943878707315,0.293825,1.2377135738406382,0.9608893488332189,1.1378487595038014
"Translation Studies # - Eastern University, Sri Lanka",0.9927869668246445,0.8142731473614652,0.804575,0.7694048882681563,0.734025,0.73595,1.2499738381863357,1.1208202550796986,1.3266004151204367,1.2998028631997154,1.0624880646360715,1.0792751642130975,0.5888041526997103,1.139542544030957,0.817,0.94005,0.8787750000000001,1.0575646408839778,0.750475,0.5019994318181819,1.1789728361465937,1.2551248896028346,1.2810476099852166,0.833825,1.2811615287726406
Film & Television Studies # - University of Kelaniya,1.0787,0.9245749999999999,0.9784499999999999,1.1812435246317927,1.0040250000000002,1.0079125115848007,1.0412249999999998,0.9959,1.031825,1.2998028631997154,1.0624880646360715,1.0792751642130975,0.9765769026997104,1.139542544030957,1.1538598844746073,1.2587287384071264,1.1306554981452783,0.8536,1.0343,1.0256994318181818,1.3937927007299271,0.872225,0.870475,1.0937000000000001,1.0787
Project Management - University of Jaffna - Vavuniya Campus,1.2976705568678697,1.276158581785598,1.3146912173112502,1.2894754211835169,1.2855985861042605,1.1990002013853975,1.3643441176555002,1.3406555786364958,1.3246200990284827,1.321591098493833,1.083797174805563,1.147528892283273,1.0618963201754386,1.1930303259858444,1.2731098844746074,1.2899425108622162,1.2896504817231529,1.281353162926584,1.327476783521252,1.2750145058922557,1.2597728361465936,1.2979938178458628,1.2669728204159807,1.3255392444080742,1.3053998866157777
Teaching English As A Second Language (Tesl) * - University of Kelaniya,1.16195,1.16195,1.16195,1.16195,1.16195,1.16195,1.16195,1.16195,1.16195,1.16195,1.16195,1.16195,1.16195,1.16195,1.16195,1.16195,1.16195,1.16195,1.16195,1.16195,1.16195,1.16195,1.16195,1.16195,1.16195
Visual Arts # - University of the Visual & Performing Arts,0.78245,1.0246,1.07375,1.227625,1.0004,0.94935,0.68025,1.2506,1.0588000000000002,1.2998028631997154,1.0624880646360715,1.0792751642130975,0.9765769026997104,1.139542544030957,0.6529342281879195,1.2587287384071264,0.8687,1.0342,1.1382999999999999,1.058575,1.100842700729927,0.9469249999999999,1.109825,1.003625,1.222075
Music # - University of the Visual & Performing Arts,0.67665,0.6749,0.825125,0.933,0.8964749999999999,0.23635,0.9138,0.8625,0.500325,0.9296394761029412,1.0624880646360715,1.0792751642130975,0.9765769026997104,1.202615944030957,0.549075,0.8856791875089227,0.575475,0.47180000000000005,0.937325,0.88375,0.993575,0.7784000000000001,0.8568,0.907725,0.912925
Dance # - University of the Visual & Performing Arts,0.8324749999999999,0.890325,0.9742250000000001,1.0572,0.970725,0.288075,1.0050000000000001,1.0546,0.918025,1.2998028631997154,1.0624880646360715,1.0792751642130975,0.9370238325242719,0.937175,0.568925,1.2587287384071264,0.642825,0.745375,1.0134999999999998,0.9545,1.0242,0.8963749999999999,1.04475,1.1161750000000001,0.9801
Drama & Theatre # - University of the Visual & Performing Arts,0.741475,0.696225,0.602475,0.8400749999999999,0.801525,0.38545,0.9309498633879782,0.9662000000000001,0.8701618421052633,1.2998028631997154,1.0624880646360715,1.0792751642130975,0.9765769026997104,1.139542544030957,0.6299250000000001,1.2587287384071264,0.7584471910112359,1.0312896408839778,0.7481749999999999,0.9824250000000001,0.97545,0.9728749999999999,0.9963500000000001,0.913675,0.903
Art & Design # - Ramanathan Academy of Fine Arts,0.5933790594059407,1.1093751634904976,0.8231504480804811,1.0135185246317926,0.5172436528497409,0.10268456790123465,1.2516191176555003,1.2578579750719485,1.1992950990284827,0.6400383870967742,0.4520822815533981,0.7284194328238135,0.9590760825242718,0.7998265999999999,0.7759832278481013,0.7298495508982036,0.6082706703910614,0.7023228448275861,0.5764560483870967,0.4484481428571428,1.0083162183908045,0.789194429347826,1.1118596675906383,0.8160236858974358,0.9424627692688391
Music # - Ramanathan Academy of Fine Arts,0.4689850000000001,1.2819596331874672,1.0910561772471477,0.4491636363636363,0.22449365284974093,0.6709595679012346,0.8767700062451211,1.0093829750719485,1.3266004151204367,0.7821383870967742,0.666307281553398,0.35944579646017705,0.6747955,0.6127765999999999,0.4708832278481012,0.6789995508982036,0.08847067039106143,1.068587485711564,1.322772965787262,1.234866342050448,1.2040943878707315,0.4426694293478261,0.9101687037352166,0.9715255988332188,0.960959162303665
Dance # - Ramanathan Academy of Fine Arts,0.3542350000000001,0.44175201612903237,0.905730579013378,0.7196386363636363,0.35804365284974093,0.3094595679012347,1.3493939810434785,1.3579034953031623,1.3266004151204367,0.6001633870967742,0.6733322815533981,0.537995796460177,0.6589955,0.669962065116279,0.6631582278481012,0.6372495508982037,0.5305032907119169,1.238642803810562,1.1017631443586904,1.234866342050448,1.2040943878707315,0.8377362262228261,1.2377135738406382,1.0401600403225806,0.5523462796506036
Visual & Technological Arts # - Swami Vipulananda Institute of Aesthetic Studies,1.290907523692514,1.0411875372278712,0.533666367464539,0.3091,0.33768086854460094,0.5018298192771085,1.1879963874605908,-0.0102,0.5420480874316941,0.10505,0.5250908898305084,0.8265212719298246,0.4070555825242719,0.790087065116279,0.362875,0.52025,0.349325,0.33052499999999996,0.5905348214285715,0.1911,0.02074999999999997,0.387725,0.6267946596746575,0.0016750000000000098,0.206575
Music # - Swami Vipulananda Institute of Aesthetic Studies,0.679701497461929,0.9737001634904976,0.7322807291666666,0.401125,-0.4107,0.44645,0.44177624460344783,0.7827811568901304,1.3266004151204367,0.545825,0.5478,0.448775,0.665675,0.22312500000000002,0.572075,0.6515,0.039874999999999994,1.013738749756508,1.322772965787262,1.234866342050448,0.962174721204065,0.18625,0.9285937037352165,0.8065237903225806,0.17290360696517415
Dance # - Swami Vipulananda Institute of Aesthetic Studies,-0.094775,0.893708581785598,0.48861576923076927,-0.19492500000000001,-0.36305000000000004,0.12085000000000001,1.3493939810434785,1.3579034953031623,1.3266004151204367,0.556125,0.6014250000000001,0.5176,0.50795,0.329675,0.6315999999999999,0.608475,0.28205,0.8548491088725301,1.322772965787262,1.234866342050448,1.2040943878707315,-0.10444999999999999,1.2377135738406382,0.8827736858974359,0.8000708044605276
Drama & Theatre # - Swami Vipulananda Institute of Aesthetic Studies,-0.38232499999999997,1.2819596331874672,1.0215571366953082,0.3928,-0.20315000000000003,0.47777499999999995,1.3493939810434785,1.3579034953031623,1.3266004151204367,0.9528249999999999,0.972825,0.8427500000000001,0.8871249999999999,0.47509999999999997,0.91595,0.9615,0.7905249999999999,0.45955,1.018066917400165,1.234866342050448,0.5009320204741379,0.20115,1.2377135738406382,0.75945,0.580425
